recordId,sprk_graphdriveid,mapped_index,action,detail
fa367104-e662-f111-ab0c-000d3a4d8152,"b!vzGDfDpd7km_-_H38Q6ZfbotQXLPXF9Ci71VoQmIOHUKlvxOqBsHQLrROZ5KySLh",spaarke-file-index,dry-run-fill,"Would PATCH sprk_searchindexname"
e270fa52-e662-f111-ab0c-000d3a4d8152,"b!vzGDfDpd7km_-_H38Q6ZfbotQXLPXF9Ci71VoQmIOHUKlvxOqBsHQLrROZ5KySLh",spaarke-file-index,dry-run-fill,"Would PATCH sprk_searchindexname"
6046df87-e762-f111-ab0c-000d3a4d8152,"b!vzGDfDpd7km_-_H38Q6ZfbotQXLPXF9Ci71VoQmIOHUKlvxOqBsHQLrROZ5KySLh",spaarke-file-index,dry-run-fill,"Would PATCH sprk_searchindexname"
86e8f01a-e862-f111-ab0c-000d3a4d8152,"b!vzGDfDpd7km_-_H38Q6ZfbotQXLPXF9Ci71VoQmIOHUKlvxOqBsHQLrROZ5KySLh",spaarke-file-index,dry-run-fill,"Would PATCH sprk_searchindexname"
928314cd-e2c7-47a4-9757-0aca12245378,"",,orphan,"No sprk_graphdriveid — out of scope per spec §9 round-3"
2e76d19a-d16d-4eef-bf3b-288f3d5dec89,"",,orphan,"No sprk_graphdriveid — out of scope per spec §9 round-3"
199b79f4-e257-f111-a824-3833c5d9bcb1,"b!yLRdWEOAdkaWXskuRfByIRiz1S9kb_xPveFbearu6y9k1_PqePezTIDObGJTYq50",spaarke-knowledge-index-v2,dry-run-fill,"Would PATCH sprk_searchindexname"
58a69ac1-2a60-f111-ab0b-70a8a59455f4,"b!vzGDfDpd7km_-_H38Q6ZfbotQXLPXF9Ci71VoQmIOHUKlvxOqBsHQLrROZ5KySLh",spaarke-file-index,dry-run-fill,"Would PATCH sprk_searchindexname"
8a24864d-3660-f111-ab0b-70a8a59455f4,"b!vzGDfDpd7km_-_H38Q6ZfbotQXLPXF9Ci71VoQmIOHUKlvxOqBsHQLrROZ5KySLh",spaarke-file-index,dry-run-fill,"Would PATCH sprk_searchindexname"
ac39fc23-3c60-f111-ab0b-70a8a59455f4,"b!vzGDfDpd7km_-_H38Q6ZfbotQXLPXF9Ci71VoQmIOHUKlvxOqBsHQLrROZ5KySLh",spaarke-file-index,dry-run-fill,"Would PATCH sprk_searchindexname"
4e4e9c8f-820e-f111-8342-7c1e520aa4df,"",,orphan,"No sprk_graphdriveid — out of scope per spec §9 round-3"
514e9c8f-820e-f111-8342-7c1e520aa4df,"",,orphan,"No sprk_graphdriveid — out of scope per spec §9 round-3"
122f4462-860e-f111-8342-7c1e520aa4df,"",,orphan,"No sprk_graphdriveid — out of scope per spec §9 round-3"
162f4462-860e-f111-8342-7c1e520aa4df,"",,orphan,"No sprk_graphdriveid — out of scope per spec §9 round-3"
0304dbc8-880e-f111-8342-7c1e520aa4df,"b!yLRdWEOAdkaWXskuRfByIRiz1S9kb_xPveFbearu6y9k1_PqePezTIDObGJTYq50",spaarke-knowledge-index-v2,dry-run-fill,"Would PATCH sprk_searchindexname"
0704dbc8-880e-f111-8342-7c1e520aa4df,"b!yLRdWEOAdkaWXskuRfByIRiz1S9kb_xPveFbearu6y9k1_PqePezTIDObGJTYq50",spaarke-knowledge-index-v2,dry-run-fill,"Would PATCH sprk_searchindexname"
4e9ea7b7-920e-f111-8342-7c1e520aa4df,"b!yLRdWEOAdkaWXskuRfByIRiz1S9kb_xPveFbearu6y9k1_PqePezTIDObGJTYq50",spaarke-knowledge-index-v2,dry-run-fill,"Would PATCH sprk_searchindexname"
da2229a1-2911-f111-8342-7c1e520aa4df,"b!yLRdWEOAdkaWXskuRfByIRiz1S9kb_xPveFbearu6y9k1_PqePezTIDObGJTYq50",spaarke-knowledge-index-v2,dry-run-fill,"Would PATCH sprk_searchindexname"
ba5e0afd-2914-f111-8343-7c1e520aa4df,"b!yLRdWEOAdkaWXskuRfByIRiz1S9kb_xPveFbearu6y9k1_PqePezTIDObGJTYq50",spaarke-knowledge-index-v2,dry-run-fill,"Would PATCH sprk_searchindexname"
5b2b4836-0618-f111-8343-7c1e520aa4df,"b!yLRdWEOAdkaWXskuRfByIRiz1S9kb_xPveFbearu6y9k1_PqePezTIDObGJTYq50",spaarke-knowledge-index-v2,dry-run-fill,"Would PATCH sprk_searchindexname"
6846bb40-6ed9-f011-8406-7c1e520aa4df,"b!yLRdWEOAdkaWXskuRfByIRiz1S9kb_xPveFbearu6y9k1_PqePezTIDObGJTYq50",spaarke-knowledge-index-v2,dry-run-fill,"Would PATCH sprk_searchindexname"
e9847752-6fd9-f011-8406-7c1e520aa4df,"b!yLRdWEOAdkaWXskuRfByIRiz1S9kb_xPveFbearu6y9k1_PqePezTIDObGJTYq50",spaarke-knowledge-index-v2,dry-run-fill,"Would PATCH sprk_searchindexname"
a83255ca-edda-f011-8406-7c1e520aa4df,"b!yLRdWEOAdkaWXskuRfByIRiz1S9kb_xPveFbearu6y9k1_PqePezTIDObGJTYq50",spaarke-knowledge-index-v2,dry-run-fill,"Would PATCH sprk_searchindexname"
407d7251-02db-f011-8406-7c1e520aa4df,"b!yLRdWEOAdkaWXskuRfByIRiz1S9kb_xPveFbearu6y9k1_PqePezTIDObGJTYq50",spaarke-knowledge-index-v2,dry-run-fill,"Would PATCH sprk_searchindexname"
aa5cdb1d-0eec-f011-8406-7c1e520aa4df,"b!yLRdWEOAdkaWXskuRfByIRiz1S9kb_xPveFbearu6y9k1_PqePezTIDObGJTYq50",spaarke-knowledge-index-v2,dry-run-fill,"Would PATCH sprk_searchindexname"
8ba59885-0eec-f011-8406-7c1e520aa4df,"b!yLRdWEOAdkaWXskuRfByIRiz1S9kb_xPveFbearu6y9k1_PqePezTIDObGJTYq50",spaarke-knowledge-index-v2,dry-run-fill,"Would PATCH sprk_searchindexname"
dbf58906-12ec-f011-8406-7c1e520aa4df,"b!yLRdWEOAdkaWXskuRfByIRiz1S9kb_xPveFbearu6y9k1_PqePezTIDObGJTYq50",spaarke-knowledge-index-v2,dry-run-fill,"Would PATCH sprk_searchindexname"
f5b57b24-14ec-f011-8406-7c1e520aa4df,"b!yLRdWEOAdkaWXskuRfByIRiz1S9kb_xPveFbearu6y9k1_PqePezTIDObGJTYq50",spaarke-knowledge-index-v2,dry-run-fill,"Would PATCH sprk_searchindexname"
46ee229e-14ec-f011-8406-7c1e520aa4df,"b!yLRdWEOAdkaWXskuRfByIRiz1S9kb_xPveFbearu6y9k1_PqePezTIDObGJTYq50",spaarke-knowledge-index-v2,dry-run-fill,"Would PATCH sprk_searchindexname"
0d80ea6c-17ec-f011-8406-7c1e520aa4df,"b!yLRdWEOAdkaWXskuRfByIRiz1S9kb_xPveFbearu6y9k1_PqePezTIDObGJTYq50",spaarke-knowledge-index-v2,dry-run-fill,"Would PATCH sprk_searchindexname"
01e55a58-18ec-f011-8406-7c1e520aa4df,"b!yLRdWEOAdkaWXskuRfByIRiz1S9kb_xPveFbearu6y9k1_PqePezTIDObGJTYq50",spaarke-knowledge-index-v2,dry-run-fill,"Would PATCH sprk_searchindexname"
fbe75782-18ec-f011-8406-7c1e520aa4df,"b!yLRdWEOAdkaWXskuRfByIRiz1S9kb_xPveFbearu6y9k1_PqePezTIDObGJTYq50",spaarke-knowledge-index-v2,dry-run-fill,"Would PATCH sprk_searchindexname"
e3551839-1eec-f011-8406-7c1e520aa4df,"b!yLRdWEOAdkaWXskuRfByIRiz1S9kb_xPveFbearu6y9k1_PqePezTIDObGJTYq50",spaarke-knowledge-index-v2,dry-run-fill,"Would PATCH sprk_searchindexname"
4a012ef6-1eec-f011-8406-7c1e520aa4df,"b!yLRdWEOAdkaWXskuRfByIRiz1S9kb_xPveFbearu6y9k1_PqePezTIDObGJTYq50",spaarke-knowledge-index-v2,dry-run-fill,"Would PATCH sprk_searchindexname"
cfa0a247-22ec-f011-8406-7c1e520aa4df,"b!yLRdWEOAdkaWXskuRfByIRiz1S9kb_xPveFbearu6y9k1_PqePezTIDObGJTYq50",spaarke-knowledge-index-v2,dry-run-fill,"Would PATCH sprk_searchindexname"
58b2fa70-3eec-f011-8406-7c1e520aa4df,"b!yLRdWEOAdkaWXskuRfByIRiz1S9kb_xPveFbearu6y9k1_PqePezTIDObGJTYq50",spaarke-knowledge-index-v2,dry-run-fill,"Would PATCH sprk_searchindexname"
cf9ddc4c-3fec-f011-8406-7c1e520aa4df,"b!yLRdWEOAdkaWXskuRfByIRiz1S9kb_xPveFbearu6y9k1_PqePezTIDObGJTYq50",spaarke-knowledge-index-v2,dry-run-fill,"Would PATCH sprk_searchindexname"
9ab79c78-3fec-f011-8406-7c1e520aa4df,"b!yLRdWEOAdkaWXskuRfByIRiz1S9kb_xPveFbearu6y9k1_PqePezTIDObGJTYq50",spaarke-knowledge-index-v2,dry-run-fill,"Would PATCH sprk_searchindexname"
f2eef704-40ec-f011-8406-7c1e520aa4df,"b!yLRdWEOAdkaWXskuRfByIRiz1S9kb_xPveFbearu6y9k1_PqePezTIDObGJTYq50",spaarke-knowledge-index-v2,dry-run-fill,"Would PATCH sprk_searchindexname"
d27cb5ee-47ec-f011-8406-7c1e520aa4df,"b!yLRdWEOAdkaWXskuRfByIRiz1S9kb_xPveFbearu6y9k1_PqePezTIDObGJTYq50",spaarke-knowledge-index-v2,dry-run-fill,"Would PATCH sprk_searchindexname"
56cdbabc-49ec-f011-8406-7c1e520aa4df,"b!yLRdWEOAdkaWXskuRfByIRiz1S9kb_xPveFbearu6y9k1_PqePezTIDObGJTYq50",spaarke-knowledge-index-v2,dry-run-fill,"Would PATCH sprk_searchindexname"
9cf23975-9cec-f011-8406-7c1e520aa4df,"b!yLRdWEOAdkaWXskuRfByIRiz1S9kb_xPveFbearu6y9k1_PqePezTIDObGJTYq50",spaarke-knowledge-index-v2,dry-run-fill,"Would PATCH sprk_searchindexname"
eae66ed5-9cec-f011-8406-7c1e520aa4df,"b!yLRdWEOAdkaWXskuRfByIRiz1S9kb_xPveFbearu6y9k1_PqePezTIDObGJTYq50",spaarke-knowledge-index-v2,dry-run-fill,"Would PATCH sprk_searchindexname"
89abf55a-6ced-f011-8406-7c1e520aa4df,"b!yLRdWEOAdkaWXskuRfByIRiz1S9kb_xPveFbearu6y9k1_PqePezTIDObGJTYq50",spaarke-knowledge-index-v2,dry-run-fill,"Would PATCH sprk_searchindexname"
c2b3231a-6fed-f011-8406-7c1e520aa4df,"b!yLRdWEOAdkaWXskuRfByIRiz1S9kb_xPveFbearu6y9k1_PqePezTIDObGJTYq50",spaarke-knowledge-index-v2,dry-run-fill,"Would PATCH sprk_searchindexname"
36bec162-5eee-f011-8406-7c1e520aa4df,"b!yLRdWEOAdkaWXskuRfByIRiz1S9kb_xPveFbearu6y9k1_PqePezTIDObGJTYq50",spaarke-knowledge-index-v2,dry-run-fill,"Would PATCH sprk_searchindexname"
f6e5ae53-60ee-f011-8406-7c1e520aa4df,"b!yLRdWEOAdkaWXskuRfByIRiz1S9kb_xPveFbearu6y9k1_PqePezTIDObGJTYq50",spaarke-knowledge-index-v2,dry-run-fill,"Would PATCH sprk_searchindexname"
b307ee95-32ef-f011-8406-7c1e520aa4df,"b!yLRdWEOAdkaWXskuRfByIRiz1S9kb_xPveFbearu6y9k1_PqePezTIDObGJTYq50",spaarke-knowledge-index-v2,dry-run-fill,"Would PATCH sprk_searchindexname"
5c5ae44c-6aef-f011-8406-7c1e520aa4df,"b!yLRdWEOAdkaWXskuRfByIRiz1S9kb_xPveFbearu6y9k1_PqePezTIDObGJTYq50",spaarke-knowledge-index-v2,dry-run-fill,"Would PATCH sprk_searchindexname"
ab07176b-6aef-f011-8406-7c1e520aa4df,"b!yLRdWEOAdkaWXskuRfByIRiz1S9kb_xPveFbearu6y9k1_PqePezTIDObGJTYq50",spaarke-knowledge-index-v2,dry-run-fill,"Would PATCH sprk_searchindexname"
a239899b-72f1-f011-8406-7c1e520aa4df,"b!yLRdWEOAdkaWXskuRfByIRiz1S9kb_xPveFbearu6y9k1_PqePezTIDObGJTYq50",spaarke-knowledge-index-v2,dry-run-fill,"Would PATCH sprk_searchindexname"
bae23eea-7af1-f011-8406-7c1e520aa4df,"b!yLRdWEOAdkaWXskuRfByIRiz1S9kb_xPveFbearu6y9k1_PqePezTIDObGJTYq50",spaarke-knowledge-index-v2,dry-run-fill,"Would PATCH sprk_searchindexname"
9a237b6b-7ef1-f011-8406-7c1e520aa4df,"b!yLRdWEOAdkaWXskuRfByIRiz1S9kb_xPveFbearu6y9k1_PqePezTIDObGJTYq50",spaarke-knowledge-index-v2,dry-run-fill,"Would PATCH sprk_searchindexname"
30a2671a-7ff1-f011-8406-7c1e520aa4df,"b!yLRdWEOAdkaWXskuRfByIRiz1S9kb_xPveFbearu6y9k1_PqePezTIDObGJTYq50",spaarke-knowledge-index-v2,dry-run-fill,"Would PATCH sprk_searchindexname"
71aeb5a2-8af1-f011-8406-7c1e520aa4df,"b!yLRdWEOAdkaWXskuRfByIRiz1S9kb_xPveFbearu6y9k1_PqePezTIDObGJTYq50",spaarke-knowledge-index-v2,dry-run-fill,"Would PATCH sprk_searchindexname"
cfbd090c-8bf1-f011-8406-7c1e520aa4df,"b!yLRdWEOAdkaWXskuRfByIRiz1S9kb_xPveFbearu6y9k1_PqePezTIDObGJTYq50",spaarke-knowledge-index-v2,dry-run-fill,"Would PATCH sprk_searchindexname"
2102dc31-8bf1-f011-8406-7c1e520aa4df,"b!yLRdWEOAdkaWXskuRfByIRiz1S9kb_xPveFbearu6y9k1_PqePezTIDObGJTYq50",spaarke-knowledge-index-v2,dry-run-fill,"Would PATCH sprk_searchindexname"
a17afb43-9af1-f011-8406-7c1e520aa4df,"b!yLRdWEOAdkaWXskuRfByIRiz1S9kb_xPveFbearu6y9k1_PqePezTIDObGJTYq50",spaarke-knowledge-index-v2,dry-run-fill,"Would PATCH sprk_searchindexname"
0149c5d9-9af1-f011-8406-7c1e520aa4df,"b!yLRdWEOAdkaWXskuRfByIRiz1S9kb_xPveFbearu6y9k1_PqePezTIDObGJTYq50",spaarke-knowledge-index-v2,dry-run-fill,"Would PATCH sprk_searchindexname"
f7bcba12-b9f1-f011-8406-7c1e520aa4df,"b!yLRdWEOAdkaWXskuRfByIRiz1S9kb_xPveFbearu6y9k1_PqePezTIDObGJTYq50",spaarke-knowledge-index-v2,dry-run-fill,"Would PATCH sprk_searchindexname"
3fc65b54-bcf1-f011-8406-7c1e520aa4df,"b!yLRdWEOAdkaWXskuRfByIRiz1S9kb_xPveFbearu6y9k1_PqePezTIDObGJTYq50",spaarke-knowledge-index-v2,dry-run-fill,"Would PATCH sprk_searchindexname"
c42dcbe0-bdf1-f011-8406-7c1e520aa4df,"b!yLRdWEOAdkaWXskuRfByIRiz1S9kb_xPveFbearu6y9k1_PqePezTIDObGJTYq50",spaarke-knowledge-index-v2,dry-run-fill,"Would PATCH sprk_searchindexname"
181eb908-c7f1-f011-8406-7c1e520aa4df,"b!yLRdWEOAdkaWXskuRfByIRiz1S9kb_xPveFbearu6y9k1_PqePezTIDObGJTYq50",spaarke-knowledge-index-v2,dry-run-fill,"Would PATCH sprk_searchindexname"
13ba2a6c-c7f1-f011-8406-7c1e520aa4df,"b!yLRdWEOAdkaWXskuRfByIRiz1S9kb_xPveFbearu6y9k1_PqePezTIDObGJTYq50",spaarke-knowledge-index-v2,dry-run-fill,"Would PATCH sprk_searchindexname"
53aa5969-13f3-f011-8406-7c1e520aa4df,"b!yLRdWEOAdkaWXskuRfByIRiz1S9kb_xPveFbearu6y9k1_PqePezTIDObGJTYq50",spaarke-knowledge-index-v2,dry-run-fill,"Would PATCH sprk_searchindexname"
33ae1680-13f3-f011-8406-7c1e520aa4df,"b!yLRdWEOAdkaWXskuRfByIRiz1S9kb_xPveFbearu6y9k1_PqePezTIDObGJTYq50",spaarke-knowledge-index-v2,dry-run-fill,"Would PATCH sprk_searchindexname"
c10e4f64-15f3-f011-8406-7c1e520aa4df,"b!yLRdWEOAdkaWXskuRfByIRiz1S9kb_xPveFbearu6y9k1_PqePezTIDObGJTYq50",spaarke-knowledge-index-v2,dry-run-fill,"Would PATCH sprk_searchindexname"
990a61f6-17f3-f011-8406-7c1e520aa4df,"b!yLRdWEOAdkaWXskuRfByIRiz1S9kb_xPveFbearu6y9k1_PqePezTIDObGJTYq50",spaarke-knowledge-index-v2,dry-run-fill,"Would PATCH sprk_searchindexname"
db6341a3-1af3-f011-8406-7c1e520aa4df,"b!yLRdWEOAdkaWXskuRfByIRiz1S9kb_xPveFbearu6y9k1_PqePezTIDObGJTYq50",spaarke-knowledge-index-v2,dry-run-fill,"Would PATCH sprk_searchindexname"
126e540e-27f4-f011-8406-7c1e520aa4df,"b!yLRdWEOAdkaWXskuRfByIRiz1S9kb_xPveFbearu6y9k1_PqePezTIDObGJTYq50",spaarke-knowledge-index-v2,dry-run-fill,"Would PATCH sprk_searchindexname"
146e540e-27f4-f011-8406-7c1e520aa4df,"b!yLRdWEOAdkaWXskuRfByIRiz1S9kb_xPveFbearu6y9k1_PqePezTIDObGJTYq50",spaarke-knowledge-index-v2,dry-run-fill,"Would PATCH sprk_searchindexname"
176e540e-27f4-f011-8406-7c1e520aa4df,"b!yLRdWEOAdkaWXskuRfByIRiz1S9kb_xPveFbearu6y9k1_PqePezTIDObGJTYq50",spaarke-knowledge-index-v2,dry-run-fill,"Would PATCH sprk_searchindexname"
196e540e-27f4-f011-8406-7c1e520aa4df,"b!yLRdWEOAdkaWXskuRfByIRiz1S9kb_xPveFbearu6y9k1_PqePezTIDObGJTYq50",spaarke-knowledge-index-v2,dry-run-fill,"Would PATCH sprk_searchindexname"
1e6e540e-27f4-f011-8406-7c1e520aa4df,"b!yLRdWEOAdkaWXskuRfByIRiz1S9kb_xPveFbearu6y9k1_PqePezTIDObGJTYq50",spaarke-knowledge-index-v2,dry-run-fill,"Would PATCH sprk_searchindexname"
0db8b3db-8ef4-f011-8406-7c1e520aa4df,"b!yLRdWEOAdkaWXskuRfByIRiz1S9kb_xPveFbearu6y9k1_PqePezTIDObGJTYq50",spaarke-knowledge-index-v2,dry-run-fill,"Would PATCH sprk_searchindexname"
0fb8b3db-8ef4-f011-8406-7c1e520aa4df,"b!yLRdWEOAdkaWXskuRfByIRiz1S9kb_xPveFbearu6y9k1_PqePezTIDObGJTYq50",spaarke-knowledge-index-v2,dry-run-fill,"Would PATCH sprk_searchindexname"
3f66918d-59f5-f011-8406-7c1e520aa4df,"b!yLRdWEOAdkaWXskuRfByIRiz1S9kb_xPveFbearu6y9k1_PqePezTIDObGJTYq50",spaarke-knowledge-index-v2,dry-run-fill,"Would PATCH sprk_searchindexname"
4666918d-59f5-f011-8406-7c1e520aa4df,"b!yLRdWEOAdkaWXskuRfByIRiz1S9kb_xPveFbearu6y9k1_PqePezTIDObGJTYq50",spaarke-knowledge-index-v2,dry-run-fill,"Would PATCH sprk_searchindexname"
4966918d-59f5-f011-8406-7c1e520aa4df,"b!yLRdWEOAdkaWXskuRfByIRiz1S9kb_xPveFbearu6y9k1_PqePezTIDObGJTYq50",spaarke-knowledge-index-v2,dry-run-fill,"Would PATCH sprk_searchindexname"
5166918d-59f5-f011-8406-7c1e520aa4df,"b!yLRdWEOAdkaWXskuRfByIRiz1S9kb_xPveFbearu6y9k1_PqePezTIDObGJTYq50",spaarke-knowledge-index-v2,dry-run-fill,"Would PATCH sprk_searchindexname"
07275833-6af5-f011-8406-7c1e520aa4df,"b!yLRdWEOAdkaWXskuRfByIRiz1S9kb_xPveFbearu6y9k1_PqePezTIDObGJTYq50",spaarke-knowledge-index-v2,dry-run-fill,"Would PATCH sprk_searchindexname"
a1e327bc-7bf5-f011-8406-7c1e520aa4df,"b!yLRdWEOAdkaWXskuRfByIRiz1S9kb_xPveFbearu6y9k1_PqePezTIDObGJTYq50",spaarke-knowledge-index-v2,dry-run-fill,"Would PATCH sprk_searchindexname"
a3e327bc-7bf5-f011-8406-7c1e520aa4df,"b!yLRdWEOAdkaWXskuRfByIRiz1S9kb_xPveFbearu6y9k1_PqePezTIDObGJTYq50",spaarke-knowledge-index-v2,dry-run-fill,"Would PATCH sprk_searchindexname"
ef27b111-7cf5-f011-8406-7c1e520aa4df,"b!yLRdWEOAdkaWXskuRfByIRiz1S9kb_xPveFbearu6y9k1_PqePezTIDObGJTYq50",spaarke-knowledge-index-v2,dry-run-fill,"Would PATCH sprk_searchindexname"
f127b111-7cf5-f011-8406-7c1e520aa4df,"b!yLRdWEOAdkaWXskuRfByIRiz1S9kb_xPveFbearu6y9k1_PqePezTIDObGJTYq50",spaarke-knowledge-index-v2,dry-run-fill,"Would PATCH sprk_searchindexname"
f327b111-7cf5-f011-8406-7c1e520aa4df,"b!yLRdWEOAdkaWXskuRfByIRiz1S9kb_xPveFbearu6y9k1_PqePezTIDObGJTYq50",spaarke-knowledge-index-v2,dry-run-fill,"Would PATCH sprk_searchindexname"
481ba105-6af8-f011-8406-7c1e520aa4df,"b!yLRdWEOAdkaWXskuRfByIRiz1S9kb_xPveFbearu6y9k1_PqePezTIDObGJTYq50",spaarke-knowledge-index-v2,dry-run-fill,"Would PATCH sprk_searchindexname"
5fc42f5d-6cf8-f011-8406-7c1e520aa4df,"b!yLRdWEOAdkaWXskuRfByIRiz1S9kb_xPveFbearu6y9k1_PqePezTIDObGJTYq50",spaarke-knowledge-index-v2,dry-run-fill,"Would PATCH sprk_searchindexname"
701b498f-7df8-f011-8406-7c1e520aa4df,"b!yLRdWEOAdkaWXskuRfByIRiz1S9kb_xPveFbearu6y9k1_PqePezTIDObGJTYq50",spaarke-knowledge-index-v2,dry-run-fill,"Would PATCH sprk_searchindexname"
eb381b60-7ef8-f011-8406-7c1e520aa4df,"b!yLRdWEOAdkaWXskuRfByIRiz1S9kb_xPveFbearu6y9k1_PqePezTIDObGJTYq50",spaarke-knowledge-index-v2,dry-run-fill,"Would PATCH sprk_searchindexname"
a1f6463a-6cfc-f011-8407-7c1e520aa4df,"b!yLRdWEOAdkaWXskuRfByIRiz1S9kb_xPveFbearu6y9k1_PqePezTIDObGJTYq50",spaarke-knowledge-index-v2,dry-run-fill,"Would PATCH sprk_searchindexname"
c437a04c-6cfc-f011-8407-7c1e520aa4df,"b!yLRdWEOAdkaWXskuRfByIRiz1S9kb_xPveFbearu6y9k1_PqePezTIDObGJTYq50",spaarke-knowledge-index-v2,dry-run-fill,"Would PATCH sprk_searchindexname"
0eef3c2f-89fc-f011-8407-7c1e520aa4df,"b!yLRdWEOAdkaWXskuRfByIRiz1S9kb_xPveFbearu6y9k1_PqePezTIDObGJTYq50",spaarke-knowledge-index-v2,dry-run-fill,"Would PATCH sprk_searchindexname"
49830ddd-9dfc-f011-8407-7c1e520aa4df,"b!yLRdWEOAdkaWXskuRfByIRiz1S9kb_xPveFbearu6y9k1_PqePezTIDObGJTYq50",spaarke-knowledge-index-v2,dry-run-fill,"Would PATCH sprk_searchindexname"
b2777f39-bbfc-f011-8407-7c1e520aa4df,"b!yLRdWEOAdkaWXskuRfByIRiz1S9kb_xPveFbearu6y9k1_PqePezTIDObGJTYq50",spaarke-knowledge-index-v2,dry-run-fill,"Would PATCH sprk_searchindexname"
0542df3f-bbfc-f011-8407-7c1e520aa4df,"b!yLRdWEOAdkaWXskuRfByIRiz1S9kb_xPveFbearu6y9k1_PqePezTIDObGJTYq50",spaarke-knowledge-index-v2,dry-run-fill,"Would PATCH sprk_searchindexname"
9d669fbc-32fd-f011-8407-7c1e520aa4df,"b!yLRdWEOAdkaWXskuRfByIRiz1S9kb_xPveFbearu6y9k1_PqePezTIDObGJTYq50",spaarke-knowledge-index-v2,dry-run-fill,"Would PATCH sprk_searchindexname"
166a18c9-32fd-f011-8407-7c1e520aa4df,"b!yLRdWEOAdkaWXskuRfByIRiz1S9kb_xPveFbearu6y9k1_PqePezTIDObGJTYq50",spaarke-knowledge-index-v2,dry-run-fill,"Would PATCH sprk_searchindexname"
01887f32-3dfd-f011-8407-7c1e520aa4df,"b!yLRdWEOAdkaWXskuRfByIRiz1S9kb_xPveFbearu6y9k1_PqePezTIDObGJTYq50",spaarke-knowledge-index-v2,dry-run-fill,"Would PATCH sprk_searchindexname"
bc14c33f-3dfd-f011-8407-7c1e520aa4df,"b!yLRdWEOAdkaWXskuRfByIRiz1S9kb_xPveFbearu6y9k1_PqePezTIDObGJTYq50",spaarke-knowledge-index-v2,dry-run-fill,"Would PATCH sprk_searchindexname"
9982309a-55fd-f011-8407-7c1e520aa4df,"b!yLRdWEOAdkaWXskuRfByIRiz1S9kb_xPveFbearu6y9k1_PqePezTIDObGJTYq50",spaarke-knowledge-index-v2,dry-run-fill,"Would PATCH sprk_searchindexname"
a282309a-55fd-f011-8407-7c1e520aa4df,"b!yLRdWEOAdkaWXskuRfByIRiz1S9kb_xPveFbearu6y9k1_PqePezTIDObGJTYq50",spaarke-knowledge-index-v2,dry-run-fill,"Would PATCH sprk_searchindexname"
d41f6b8b-e9fd-f011-8407-7c1e520aa4df,"b!yLRdWEOAdkaWXskuRfByIRiz1S9kb_xPveFbearu6y9k1_PqePezTIDObGJTYq50",spaarke-knowledge-index-v2,dry-run-fill,"Would PATCH sprk_searchindexname"
0e7375e7-a1ff-f011-8407-7c1e520aa4df,"b!yLRdWEOAdkaWXskuRfByIRiz1S9kb_xPveFbearu6y9k1_PqePezTIDObGJTYq50",spaarke-knowledge-index-v2,dry-run-fill,"Would PATCH sprk_searchindexname"
46cec056-a3ff-f011-8407-7c1e520aa4df,"b!yLRdWEOAdkaWXskuRfByIRiz1S9kb_xPveFbearu6y9k1_PqePezTIDObGJTYq50",spaarke-knowledge-index-v2,dry-run-fill,"Would PATCH sprk_searchindexname"
0930abff-75d3-f011-8543-7c1e520aa4df,"b!yLRdWEOAdkaWXskuRfByIRiz1S9kb_xPveFbearu6y9k1_PqePezTIDObGJTYq50",spaarke-knowledge-index-v2,dry-run-fill,"Would PATCH sprk_searchindexname"
a5b92adf-37d4-f011-8543-7c1e520aa4df,"b!yLRdWEOAdkaWXskuRfByIRiz1S9kb_xPveFbearu6y9k1_PqePezTIDObGJTYq50",spaarke-knowledge-index-v2,dry-run-fill,"Would PATCH sprk_searchindexname"
f2221f00-d7d6-f011-8543-7c1e520aa4df,"b!yLRdWEOAdkaWXskuRfByIRiz1S9kb_xPveFbearu6y9k1_PqePezTIDObGJTYq50",spaarke-knowledge-index-v2,dry-run-fill,"Would PATCH sprk_searchindexname"
4a59902e-dbd6-f011-8543-7c1e520aa4df,"b!yLRdWEOAdkaWXskuRfByIRiz1S9kb_xPveFbearu6y9k1_PqePezTIDObGJTYq50",spaarke-knowledge-index-v2,dry-run-fill,"Would PATCH sprk_searchindexname"
bb77a0e6-ded6-f011-8543-7c1e520aa4df,"b!yLRdWEOAdkaWXskuRfByIRiz1S9kb_xPveFbearu6y9k1_PqePezTIDObGJTYq50",spaarke-knowledge-index-v2,dry-run-fill,"Would PATCH sprk_searchindexname"
6e0ee542-e1d6-f011-8543-7c1e520aa4df,"b!yLRdWEOAdkaWXskuRfByIRiz1S9kb_xPveFbearu6y9k1_PqePezTIDObGJTYq50",spaarke-knowledge-index-v2,dry-run-fill,"Would PATCH sprk_searchindexname"
5cb99ac3-e1d6-f011-8543-7c1e520aa4df,"b!yLRdWEOAdkaWXskuRfByIRiz1S9kb_xPveFbearu6y9k1_PqePezTIDObGJTYq50",spaarke-knowledge-index-v2,dry-run-fill,"Would PATCH sprk_searchindexname"
d64b38e5-07d7-f011-8543-7c1e520aa4df,"b!yLRdWEOAdkaWXskuRfByIRiz1S9kb_xPveFbearu6y9k1_PqePezTIDObGJTYq50",spaarke-knowledge-index-v2,dry-run-fill,"Would PATCH sprk_searchindexname"
dc4b38e5-07d7-f011-8543-7c1e520aa4df,"b!yLRdWEOAdkaWXskuRfByIRiz1S9kb_xPveFbearu6y9k1_PqePezTIDObGJTYq50",spaarke-knowledge-index-v2,dry-run-fill,"Would PATCH sprk_searchindexname"
e04b38e5-07d7-f011-8543-7c1e520aa4df,"b!yLRdWEOAdkaWXskuRfByIRiz1S9kb_xPveFbearu6y9k1_PqePezTIDObGJTYq50",spaarke-knowledge-index-v2,dry-run-fill,"Would PATCH sprk_searchindexname"
a237b9c1-8d1e-f111-88b3-7c1e520aa4df,"b!yLRdWEOAdkaWXskuRfByIRiz1S9kb_xPveFbearu6y9k1_PqePezTIDObGJTYq50",spaarke-knowledge-index-v2,dry-run-fill,"Would PATCH sprk_searchindexname"
601d13f3-8d1e-f111-88b3-7c1e520aa4df,"b!yLRdWEOAdkaWXskuRfByIRiz1S9kb_xPveFbearu6y9k1_PqePezTIDObGJTYq50",spaarke-knowledge-index-v2,dry-run-fill,"Would PATCH sprk_searchindexname"
5dd26736-0f2f-f111-88b5-7c1e520aa4df,"",,orphan,"No sprk_graphdriveid — out of scope per spec §9 round-3"
3b4164af-a453-f111-a825-7c1e520aa4df,"b!yLRdWEOAdkaWXskuRfByIRiz1S9kb_xPveFbearu6y9k1_PqePezTIDObGJTYq50",spaarke-knowledge-index-v2,dry-run-fill,"Would PATCH sprk_searchindexname"
01ca0ad3-2d60-f111-ab0b-7c1e521b425f,"b!vzGDfDpd7km_-_H38Q6ZfbotQXLPXF9Ci71VoQmIOHUKlvxOqBsHQLrROZ5KySLh",spaarke-file-index,dry-run-fill,"Would PATCH sprk_searchindexname"
3a5fa95a-3060-f111-ab0b-7c1e521b425f,"b!vzGDfDpd7km_-_H38Q6ZfbotQXLPXF9Ci71VoQmIOHUKlvxOqBsHQLrROZ5KySLh",spaarke-file-index,dry-run-fill,"Would PATCH sprk_searchindexname"
fe9949f1-ee60-f111-ab0b-7c1e521b425f,"b!vzGDfDpd7km_-_H38Q6ZfbotQXLPXF9Ci71VoQmIOHUKlvxOqBsHQLrROZ5KySLh",spaarke-file-index,dry-run-fill,"Would PATCH sprk_searchindexname"
00338db3-795f-f111-ab0c-7c1e521b425f,"b!vzGDfDpd7km_-_H38Q6ZfbotQXLPXF9Ci71VoQmIOHUKlvxOqBsHQLrROZ5KySLh",spaarke-file-index,dry-run-fill,"Would PATCH sprk_searchindexname"
6ebb2ca9-fff2-f011-8406-7c1e5247f7c3,"b!yLRdWEOAdkaWXskuRfByIRiz1S9kb_xPveFbearu6y9k1_PqePezTIDObGJTYq50",spaarke-knowledge-index-v2,dry-run-fill,"Would PATCH sprk_searchindexname"
ed194fe1-d218-f111-8342-7c1e525abd8b,"b!yLRdWEOAdkaWXskuRfByIRiz1S9kb_xPveFbearu6y9k1_PqePezTIDObGJTYq50",spaarke-knowledge-index-v2,dry-run-fill,"Would PATCH sprk_searchindexname"
ce08e8bc-1ee9-f011-8406-7c1e525abd8b,"b!yLRdWEOAdkaWXskuRfByIRiz1S9kb_xPveFbearu6y9k1_PqePezTIDObGJTYq50",spaarke-knowledge-index-v2,dry-run-fill,"Would PATCH sprk_searchindexname"
d208e8bc-1ee9-f011-8406-7c1e525abd8b,"b!yLRdWEOAdkaWXskuRfByIRiz1S9kb_xPveFbearu6y9k1_PqePezTIDObGJTYq50",spaarke-knowledge-index-v2,dry-run-fill,"Would PATCH sprk_searchindexname"
687a4ad6-1ee9-f011-8406-7c1e525abd8b,"b!yLRdWEOAdkaWXskuRfByIRiz1S9kb_xPveFbearu6y9k1_PqePezTIDObGJTYq50",spaarke-knowledge-index-v2,dry-run-fill,"Would PATCH sprk_searchindexname"
38790f1f-28ee-f011-8406-7c1e525abd8b,"b!yLRdWEOAdkaWXskuRfByIRiz1S9kb_xPveFbearu6y9k1_PqePezTIDObGJTYq50",spaarke-knowledge-index-v2,dry-run-fill,"Would PATCH sprk_searchindexname"
77a0acf9-1cf3-f011-8406-7c1e525abd8b,"b!yLRdWEOAdkaWXskuRfByIRiz1S9kb_xPveFbearu6y9k1_PqePezTIDObGJTYq50",spaarke-knowledge-index-v2,dry-run-fill,"Would PATCH sprk_searchindexname"
730a79f2-81f5-f011-8406-7c1e525abd8b,"b!yLRdWEOAdkaWXskuRfByIRiz1S9kb_xPveFbearu6y9k1_PqePezTIDObGJTYq50",spaarke-knowledge-index-v2,dry-run-fill,"Would PATCH sprk_searchindexname"
1997ca45-85fc-f011-8406-7c1e525abd8b,"b!yLRdWEOAdkaWXskuRfByIRiz1S9kb_xPveFbearu6y9k1_PqePezTIDObGJTYq50",spaarke-knowledge-index-v2,dry-run-fill,"Would PATCH sprk_searchindexname"
f7aaeb4b-85fc-f011-8406-7c1e525abd8b,"b!yLRdWEOAdkaWXskuRfByIRiz1S9kb_xPveFbearu6y9k1_PqePezTIDObGJTYq50",spaarke-knowledge-index-v2,dry-run-fill,"Would PATCH sprk_searchindexname"
0c09519d-1cd6-f011-8543-7c1e525abd8b,"b!yLRdWEOAdkaWXskuRfByIRiz1S9kb_xPveFbearu6y9k1_PqePezTIDObGJTYq50",spaarke-knowledge-index-v2,dry-run-fill,"Would PATCH sprk_searchindexname"
101493ee-bad4-f011-8543-7ced8d1dc1f8,"b!yLRdWEOAdkaWXskuRfByIRiz1S9kb_xPveFbearu6y9k1_PqePezTIDObGJTYq50",spaarke-knowledge-index-v2,dry-run-fill,"Would PATCH sprk_searchindexname"
f8feb845-3a1c-f111-88b3-7ced8d1dc1f8,"b!yLRdWEOAdkaWXskuRfByIRiz1S9kb_xPveFbearu6y9k1_PqePezTIDObGJTYq50",spaarke-knowledge-index-v2,dry-run-fill,"Would PATCH sprk_searchindexname"
55cde96d-a318-f111-8343-7ced8d1dc988,"b!yLRdWEOAdkaWXskuRfByIRiz1S9kb_xPveFbearu6y9k1_PqePezTIDObGJTYq50",spaarke-knowledge-index-v2,dry-run-fill,"Would PATCH sprk_searchindexname"
58cde96d-a318-f111-8343-7ced8d1dc988,"b!yLRdWEOAdkaWXskuRfByIRiz1S9kb_xPveFbearu6y9k1_PqePezTIDObGJTYq50",spaarke-knowledge-index-v2,dry-run-fill,"Would PATCH sprk_searchindexname"
2fc71d3d-cc18-f111-8343-7ced8d1dc988,"b!yLRdWEOAdkaWXskuRfByIRiz1S9kb_xPveFbearu6y9k1_PqePezTIDObGJTYq50",spaarke-knowledge-index-v2,dry-run-fill,"Would PATCH sprk_searchindexname"
29af5ef6-7b19-f111-8343-7ced8d1dc988,"b!yLRdWEOAdkaWXskuRfByIRiz1S9kb_xPveFbearu6y9k1_PqePezTIDObGJTYq50",spaarke-knowledge-index-v2,dry-run-fill,"Would PATCH sprk_searchindexname"
b7862b59-8519-f111-8343-7ced8d1dc988,"b!yLRdWEOAdkaWXskuRfByIRiz1S9kb_xPveFbearu6y9k1_PqePezTIDObGJTYq50",spaarke-knowledge-index-v2,dry-run-fill,"Would PATCH sprk_searchindexname"
82c95a01-8a19-f111-8343-7ced8d1dc988,"b!yLRdWEOAdkaWXskuRfByIRiz1S9kb_xPveFbearu6y9k1_PqePezTIDObGJTYq50",spaarke-knowledge-index-v2,dry-run-fill,"Would PATCH sprk_searchindexname"
cfec8abd-8e19-f111-8343-7ced8d1dc988,"b!yLRdWEOAdkaWXskuRfByIRiz1S9kb_xPveFbearu6y9k1_PqePezTIDObGJTYq50",spaarke-knowledge-index-v2,dry-run-fill,"Would PATCH sprk_searchindexname"
d2ec8abd-8e19-f111-8343-7ced8d1dc988,"b!yLRdWEOAdkaWXskuRfByIRiz1S9kb_xPveFbearu6y9k1_PqePezTIDObGJTYq50",spaarke-knowledge-index-v2,dry-run-fill,"Would PATCH sprk_searchindexname"
d6ec8abd-8e19-f111-8343-7ced8d1dc988,"b!yLRdWEOAdkaWXskuRfByIRiz1S9kb_xPveFbearu6y9k1_PqePezTIDObGJTYq50",spaarke-knowledge-index-v2,dry-run-fill,"Would PATCH sprk_searchindexname"
564c5276-8f19-f111-8343-7ced8d1dc988,"b!yLRdWEOAdkaWXskuRfByIRiz1S9kb_xPveFbearu6y9k1_PqePezTIDObGJTYq50",spaarke-knowledge-index-v2,dry-run-fill,"Would PATCH sprk_searchindexname"
efc3e639-17d9-f011-8406-7ced8d1dc988,"b!yLRdWEOAdkaWXskuRfByIRiz1S9kb_xPveFbearu6y9k1_PqePezTIDObGJTYq50",spaarke-knowledge-index-v2,dry-run-fill,"Would PATCH sprk_searchindexname"
ca54f3e9-2ce9-f011-8406-7ced8d1dc988,"b!yLRdWEOAdkaWXskuRfByIRiz1S9kb_xPveFbearu6y9k1_PqePezTIDObGJTYq50",spaarke-knowledge-index-v2,dry-run-fill,"Would PATCH sprk_searchindexname"
606b5cde-4aeb-f011-8406-7ced8d1dc988,"b!yLRdWEOAdkaWXskuRfByIRiz1S9kb_xPveFbearu6y9k1_PqePezTIDObGJTYq50",spaarke-knowledge-index-v2,dry-run-fill,"Would PATCH sprk_searchindexname"
8eff1023-50eb-f011-8406-7ced8d1dc988,"b!yLRdWEOAdkaWXskuRfByIRiz1S9kb_xPveFbearu6y9k1_PqePezTIDObGJTYq50",spaarke-knowledge-index-v2,dry-run-fill,"Would PATCH sprk_searchindexname"
f9ac87e7-52eb-f011-8406-7ced8d1dc988,"b!yLRdWEOAdkaWXskuRfByIRiz1S9kb_xPveFbearu6y9k1_PqePezTIDObGJTYq50",spaarke-knowledge-index-v2,dry-run-fill,"Would PATCH sprk_searchindexname"
25c43bba-5feb-f011-8406-7ced8d1dc988,"b!yLRdWEOAdkaWXskuRfByIRiz1S9kb_xPveFbearu6y9k1_PqePezTIDObGJTYq50",spaarke-knowledge-index-v2,dry-run-fill,"Would PATCH sprk_searchindexname"
ab514506-feeb-f011-8406-7ced8d1dc988,"b!yLRdWEOAdkaWXskuRfByIRiz1S9kb_xPveFbearu6y9k1_PqePezTIDObGJTYq50",spaarke-knowledge-index-v2,dry-run-fill,"Would PATCH sprk_searchindexname"
11f985e1-00ec-f011-8406-7ced8d1dc988,"b!yLRdWEOAdkaWXskuRfByIRiz1S9kb_xPveFbearu6y9k1_PqePezTIDObGJTYq50",spaarke-knowledge-index-v2,dry-run-fill,"Would PATCH sprk_searchindexname"
45752d95-04ec-f011-8406-7ced8d1dc988,"b!yLRdWEOAdkaWXskuRfByIRiz1S9kb_xPveFbearu6y9k1_PqePezTIDObGJTYq50",spaarke-knowledge-index-v2,dry-run-fill,"Would PATCH sprk_searchindexname"
4baf7b24-06ec-f011-8406-7ced8d1dc988,"b!yLRdWEOAdkaWXskuRfByIRiz1S9kb_xPveFbearu6y9k1_PqePezTIDObGJTYq50",spaarke-knowledge-index-v2,dry-run-fill,"Would PATCH sprk_searchindexname"
f4168262-06ec-f011-8406-7ced8d1dc988,"b!yLRdWEOAdkaWXskuRfByIRiz1S9kb_xPveFbearu6y9k1_PqePezTIDObGJTYq50",spaarke-knowledge-index-v2,dry-run-fill,"Would PATCH sprk_searchindexname"
090706ee-09ec-f011-8406-7ced8d1dc988,"b!yLRdWEOAdkaWXskuRfByIRiz1S9kb_xPveFbearu6y9k1_PqePezTIDObGJTYq50",spaarke-knowledge-index-v2,dry-run-fill,"Would PATCH sprk_searchindexname"
c65f117f-0bec-f011-8406-7ced8d1dc988,"b!yLRdWEOAdkaWXskuRfByIRiz1S9kb_xPveFbearu6y9k1_PqePezTIDObGJTYq50",spaarke-knowledge-index-v2,dry-run-fill,"Would PATCH sprk_searchindexname"
7e3c99ff-9aec-f011-8406-7ced8d1dc988,"b!yLRdWEOAdkaWXskuRfByIRiz1S9kb_xPveFbearu6y9k1_PqePezTIDObGJTYq50",spaarke-knowledge-index-v2,dry-run-fill,"Would PATCH sprk_searchindexname"
b0009ccd-97f0-f011-8406-7ced8d1dc988,"b!yLRdWEOAdkaWXskuRfByIRiz1S9kb_xPveFbearu6y9k1_PqePezTIDObGJTYq50",spaarke-knowledge-index-v2,dry-run-fill,"Would PATCH sprk_searchindexname"
8ccc9661-63f1-f011-8406-7ced8d1dc988,"b!yLRdWEOAdkaWXskuRfByIRiz1S9kb_xPveFbearu6y9k1_PqePezTIDObGJTYq50",spaarke-knowledge-index-v2,dry-run-fill,"Would PATCH sprk_searchindexname"
3a06f0f5-8bf1-f011-8406-7ced8d1dc988,"b!yLRdWEOAdkaWXskuRfByIRiz1S9kb_xPveFbearu6y9k1_PqePezTIDObGJTYq50",spaarke-knowledge-index-v2,dry-run-fill,"Would PATCH sprk_searchindexname"
4e694c32-8cf1-f011-8406-7ced8d1dc988,"b!yLRdWEOAdkaWXskuRfByIRiz1S9kb_xPveFbearu6y9k1_PqePezTIDObGJTYq50",spaarke-knowledge-index-v2,dry-run-fill,"Would PATCH sprk_searchindexname"
2071e519-8ef1-f011-8406-7ced8d1dc988,"b!yLRdWEOAdkaWXskuRfByIRiz1S9kb_xPveFbearu6y9k1_PqePezTIDObGJTYq50",spaarke-knowledge-index-v2,dry-run-fill,"Would PATCH sprk_searchindexname"
648fdc59-8ef1-f011-8406-7ced8d1dc988,"b!yLRdWEOAdkaWXskuRfByIRiz1S9kb_xPveFbearu6y9k1_PqePezTIDObGJTYq50",spaarke-knowledge-index-v2,dry-run-fill,"Would PATCH sprk_searchindexname"
23070060-8ef1-f011-8406-7ced8d1dc988,"b!yLRdWEOAdkaWXskuRfByIRiz1S9kb_xPveFbearu6y9k1_PqePezTIDObGJTYq50",spaarke-knowledge-index-v2,dry-run-fill,"Would PATCH sprk_searchindexname"
c4fdba6d-8ef1-f011-8406-7ced8d1dc988,"b!yLRdWEOAdkaWXskuRfByIRiz1S9kb_xPveFbearu6y9k1_PqePezTIDObGJTYq50",spaarke-knowledge-index-v2,dry-run-fill,"Would PATCH sprk_searchindexname"
357fe879-8ef1-f011-8406-7ced8d1dc988,"b!yLRdWEOAdkaWXskuRfByIRiz1S9kb_xPveFbearu6y9k1_PqePezTIDObGJTYq50",spaarke-knowledge-index-v2,dry-run-fill,"Would PATCH sprk_searchindexname"
44b9f87f-8ef1-f011-8406-7ced8d1dc988,"b!yLRdWEOAdkaWXskuRfByIRiz1S9kb_xPveFbearu6y9k1_PqePezTIDObGJTYq50",spaarke-knowledge-index-v2,dry-run-fill,"Would PATCH sprk_searchindexname"
7a7551a0-8ef1-f011-8406-7ced8d1dc988,"b!yLRdWEOAdkaWXskuRfByIRiz1S9kb_xPveFbearu6y9k1_PqePezTIDObGJTYq50",spaarke-knowledge-index-v2,dry-run-fill,"Would PATCH sprk_searchindexname"
b75a398a-96f1-f011-8406-7ced8d1dc988,"b!yLRdWEOAdkaWXskuRfByIRiz1S9kb_xPveFbearu6y9k1_PqePezTIDObGJTYq50",spaarke-knowledge-index-v2,dry-run-fill,"Would PATCH sprk_searchindexname"
246b9efb-97f1-f011-8406-7ced8d1dc988,"b!yLRdWEOAdkaWXskuRfByIRiz1S9kb_xPveFbearu6y9k1_PqePezTIDObGJTYq50",spaarke-knowledge-index-v2,dry-run-fill,"Would PATCH sprk_searchindexname"
5a416ddc-9af1-f011-8406-7ced8d1dc988,"b!yLRdWEOAdkaWXskuRfByIRiz1S9kb_xPveFbearu6y9k1_PqePezTIDObGJTYq50",spaarke-knowledge-index-v2,dry-run-fill,"Would PATCH sprk_searchindexname"
9b0e66c5-9cf1-f011-8406-7ced8d1dc988,"b!yLRdWEOAdkaWXskuRfByIRiz1S9kb_xPveFbearu6y9k1_PqePezTIDObGJTYq50",spaarke-knowledge-index-v2,dry-run-fill,"Would PATCH sprk_searchindexname"
dc32adcb-9cf1-f011-8406-7ced8d1dc988,"b!yLRdWEOAdkaWXskuRfByIRiz1S9kb_xPveFbearu6y9k1_PqePezTIDObGJTYq50",spaarke-knowledge-index-v2,dry-run-fill,"Would PATCH sprk_searchindexname"
c0f02ee7-9cf1-f011-8406-7ced8d1dc988,"b!yLRdWEOAdkaWXskuRfByIRiz1S9kb_xPveFbearu6y9k1_PqePezTIDObGJTYq50",spaarke-knowledge-index-v2,dry-run-fill,"Would PATCH sprk_searchindexname"
fc2174ed-9cf1-f011-8406-7ced8d1dc988,"b!yLRdWEOAdkaWXskuRfByIRiz1S9kb_xPveFbearu6y9k1_PqePezTIDObGJTYq50",spaarke-knowledge-index-v2,dry-run-fill,"Would PATCH sprk_searchindexname"
7be4f881-b9f1-f011-8406-7ced8d1dc988,"b!yLRdWEOAdkaWXskuRfByIRiz1S9kb_xPveFbearu6y9k1_PqePezTIDObGJTYq50",spaarke-knowledge-index-v2,dry-run-fill,"Would PATCH sprk_searchindexname"
d868416e-baf1-f011-8406-7ced8d1dc988,"b!yLRdWEOAdkaWXskuRfByIRiz1S9kb_xPveFbearu6y9k1_PqePezTIDObGJTYq50",spaarke-knowledge-index-v2,dry-run-fill,"Would PATCH sprk_searchindexname"
68bc84df-bdf1-f011-8406-7ced8d1dc988,"b!yLRdWEOAdkaWXskuRfByIRiz1S9kb_xPveFbearu6y9k1_PqePezTIDObGJTYq50",spaarke-knowledge-index-v2,dry-run-fill,"Would PATCH sprk_searchindexname"
dd64fd12-bef1-f011-8406-7ced8d1dc988,"b!yLRdWEOAdkaWXskuRfByIRiz1S9kb_xPveFbearu6y9k1_PqePezTIDObGJTYq50",spaarke-knowledge-index-v2,dry-run-fill,"Would PATCH sprk_searchindexname"
3717d45c-cbf1-f011-8406-7ced8d1dc988,"b!yLRdWEOAdkaWXskuRfByIRiz1S9kb_xPveFbearu6y9k1_PqePezTIDObGJTYq50",spaarke-knowledge-index-v2,dry-run-fill,"Would PATCH sprk_searchindexname"
fd3e8d6f-cbf1-f011-8406-7ced8d1dc988,"b!yLRdWEOAdkaWXskuRfByIRiz1S9kb_xPveFbearu6y9k1_PqePezTIDObGJTYq50",spaarke-knowledge-index-v2,dry-run-fill,"Would PATCH sprk_searchindexname"
07234d0d-cdf1-f011-8406-7ced8d1dc988,"b!yLRdWEOAdkaWXskuRfByIRiz1S9kb_xPveFbearu6y9k1_PqePezTIDObGJTYq50",spaarke-knowledge-index-v2,dry-run-fill,"Would PATCH sprk_searchindexname"
a8f6fbcd-d4f1-f011-8406-7ced8d1dc988,"b!yLRdWEOAdkaWXskuRfByIRiz1S9kb_xPveFbearu6y9k1_PqePezTIDObGJTYq50",spaarke-knowledge-index-v2,dry-run-fill,"Would PATCH sprk_searchindexname"
8361077c-18f2-f011-8406-7ced8d1dc988,"b!yLRdWEOAdkaWXskuRfByIRiz1S9kb_xPveFbearu6y9k1_PqePezTIDObGJTYq50",spaarke-knowledge-index-v2,dry-run-fill,"Would PATCH sprk_searchindexname"
1a0f486b-1bf2-f011-8406-7ced8d1dc988,"b!yLRdWEOAdkaWXskuRfByIRiz1S9kb_xPveFbearu6y9k1_PqePezTIDObGJTYq50",spaarke-knowledge-index-v2,dry-run-fill,"Would PATCH sprk_searchindexname"
fc20c633-1df2-f011-8406-7ced8d1dc988,"b!yLRdWEOAdkaWXskuRfByIRiz1S9kb_xPveFbearu6y9k1_PqePezTIDObGJTYq50",spaarke-knowledge-index-v2,dry-run-fill,"Would PATCH sprk_searchindexname"
e537253a-1df2-f011-8406-7ced8d1dc988,"b!yLRdWEOAdkaWXskuRfByIRiz1S9kb_xPveFbearu6y9k1_PqePezTIDObGJTYq50",spaarke-knowledge-index-v2,dry-run-fill,"Would PATCH sprk_searchindexname"
0038253a-1df2-f011-8406-7ced8d1dc988,"b!yLRdWEOAdkaWXskuRfByIRiz1S9kb_xPveFbearu6y9k1_PqePezTIDObGJTYq50",spaarke-knowledge-index-v2,dry-run-fill,"Would PATCH sprk_searchindexname"
c849ba6b-28f2-f011-8406-7ced8d1dc988,"b!yLRdWEOAdkaWXskuRfByIRiz1S9kb_xPveFbearu6y9k1_PqePezTIDObGJTYq50",spaarke-knowledge-index-v2,dry-run-fill,"Would PATCH sprk_searchindexname"
c4fdcc71-28f2-f011-8406-7ced8d1dc988,"b!yLRdWEOAdkaWXskuRfByIRiz1S9kb_xPveFbearu6y9k1_PqePezTIDObGJTYq50",spaarke-knowledge-index-v2,dry-run-fill,"Would PATCH sprk_searchindexname"
e8fdcc71-28f2-f011-8406-7ced8d1dc988,"b!yLRdWEOAdkaWXskuRfByIRiz1S9kb_xPveFbearu6y9k1_PqePezTIDObGJTYq50",spaarke-knowledge-index-v2,dry-run-fill,"Would PATCH sprk_searchindexname"
2ffecc71-28f2-f011-8406-7ced8d1dc988,"b!yLRdWEOAdkaWXskuRfByIRiz1S9kb_xPveFbearu6y9k1_PqePezTIDObGJTYq50",spaarke-knowledge-index-v2,dry-run-fill,"Would PATCH sprk_searchindexname"
ac7ebe80-eef2-f011-8406-7ced8d1dc988,"b!yLRdWEOAdkaWXskuRfByIRiz1S9kb_xPveFbearu6y9k1_PqePezTIDObGJTYq50",spaarke-knowledge-index-v2,dry-run-fill,"Would PATCH sprk_searchindexname"
8c17afd8-f0f2-f011-8406-7ced8d1dc988,"b!yLRdWEOAdkaWXskuRfByIRiz1S9kb_xPveFbearu6y9k1_PqePezTIDObGJTYq50",spaarke-knowledge-index-v2,dry-run-fill,"Would PATCH sprk_searchindexname"
6117d8f0-f0f2-f011-8406-7ced8d1dc988,"b!yLRdWEOAdkaWXskuRfByIRiz1S9kb_xPveFbearu6y9k1_PqePezTIDObGJTYq50",spaarke-knowledge-index-v2,dry-run-fill,"Would PATCH sprk_searchindexname"
26846542-f3f2-f011-8406-7ced8d1dc988,"b!yLRdWEOAdkaWXskuRfByIRiz1S9kb_xPveFbearu6y9k1_PqePezTIDObGJTYq50",spaarke-knowledge-index-v2,dry-run-fill,"Would PATCH sprk_searchindexname"
89a5b0fa-f4f2-f011-8406-7ced8d1dc988,"b!yLRdWEOAdkaWXskuRfByIRiz1S9kb_xPveFbearu6y9k1_PqePezTIDObGJTYq50",spaarke-knowledge-index-v2,dry-run-fill,"Would PATCH sprk_searchindexname"
b86eb51e-f5f2-f011-8406-7ced8d1dc988,"b!yLRdWEOAdkaWXskuRfByIRiz1S9kb_xPveFbearu6y9k1_PqePezTIDObGJTYq50",spaarke-knowledge-index-v2,dry-run-fill,"Would PATCH sprk_searchindexname"
8f9cb332-f6f2-f011-8406-7ced8d1dc988,"b!yLRdWEOAdkaWXskuRfByIRiz1S9kb_xPveFbearu6y9k1_PqePezTIDObGJTYq50",spaarke-knowledge-index-v2,dry-run-fill,"Would PATCH sprk_searchindexname"
5137aee3-f7f2-f011-8406-7ced8d1dc988,"b!yLRdWEOAdkaWXskuRfByIRiz1S9kb_xPveFbearu6y9k1_PqePezTIDObGJTYq50",spaarke-knowledge-index-v2,dry-run-fill,"Would PATCH sprk_searchindexname"
17d89d07-f8f2-f011-8406-7ced8d1dc988,"b!yLRdWEOAdkaWXskuRfByIRiz1S9kb_xPveFbearu6y9k1_PqePezTIDObGJTYq50",spaarke-knowledge-index-v2,dry-run-fill,"Would PATCH sprk_searchindexname"
4fd7d9b8-faf2-f011-8406-7ced8d1dc988,"b!yLRdWEOAdkaWXskuRfByIRiz1S9kb_xPveFbearu6y9k1_PqePezTIDObGJTYq50",spaarke-knowledge-index-v2,dry-run-fill,"Would PATCH sprk_searchindexname"
aac5de96-fef2-f011-8406-7ced8d1dc988,"b!yLRdWEOAdkaWXskuRfByIRiz1S9kb_xPveFbearu6y9k1_PqePezTIDObGJTYq50",spaarke-knowledge-index-v2,dry-run-fill,"Would PATCH sprk_searchindexname"
2a6a80e1-00f3-f011-8406-7ced8d1dc988,"b!yLRdWEOAdkaWXskuRfByIRiz1S9kb_xPveFbearu6y9k1_PqePezTIDObGJTYq50",spaarke-knowledge-index-v2,dry-run-fill,"Would PATCH sprk_searchindexname"
9cb17f9d-1af3-f011-8406-7ced8d1dc988,"b!yLRdWEOAdkaWXskuRfByIRiz1S9kb_xPveFbearu6y9k1_PqePezTIDObGJTYq50",spaarke-knowledge-index-v2,dry-run-fill,"Would PATCH sprk_searchindexname"
2db27f9d-1af3-f011-8406-7ced8d1dc988,"b!yLRdWEOAdkaWXskuRfByIRiz1S9kb_xPveFbearu6y9k1_PqePezTIDObGJTYq50",spaarke-knowledge-index-v2,dry-run-fill,"Would PATCH sprk_searchindexname"
51b27f9d-1af3-f011-8406-7ced8d1dc988,"b!yLRdWEOAdkaWXskuRfByIRiz1S9kb_xPveFbearu6y9k1_PqePezTIDObGJTYq50",spaarke-knowledge-index-v2,dry-run-fill,"Would PATCH sprk_searchindexname"
fa0363ba-2bf3-f011-8406-7ced8d1dc988,"b!yLRdWEOAdkaWXskuRfByIRiz1S9kb_xPveFbearu6y9k1_PqePezTIDObGJTYq50",spaarke-knowledge-index-v2,dry-run-fill,"Would PATCH sprk_searchindexname"
1f3dfcc0-2bf3-f011-8406-7ced8d1dc988,"b!yLRdWEOAdkaWXskuRfByIRiz1S9kb_xPveFbearu6y9k1_PqePezTIDObGJTYq50",spaarke-knowledge-index-v2,dry-run-fill,"Would PATCH sprk_searchindexname"
233dfcc0-2bf3-f011-8406-7ced8d1dc988,"b!yLRdWEOAdkaWXskuRfByIRiz1S9kb_xPveFbearu6y9k1_PqePezTIDObGJTYq50",spaarke-knowledge-index-v2,dry-run-fill,"Would PATCH sprk_searchindexname"
57dd274c-2df3-f011-8406-7ced8d1dc988,"b!yLRdWEOAdkaWXskuRfByIRiz1S9kb_xPveFbearu6y9k1_PqePezTIDObGJTYq50",spaarke-knowledge-index-v2,dry-run-fill,"Would PATCH sprk_searchindexname"
5add274c-2df3-f011-8406-7ced8d1dc988,"b!yLRdWEOAdkaWXskuRfByIRiz1S9kb_xPveFbearu6y9k1_PqePezTIDObGJTYq50",spaarke-knowledge-index-v2,dry-run-fill,"Would PATCH sprk_searchindexname"
63dd274c-2df3-f011-8406-7ced8d1dc988,"b!yLRdWEOAdkaWXskuRfByIRiz1S9kb_xPveFbearu6y9k1_PqePezTIDObGJTYq50",spaarke-knowledge-index-v2,dry-run-fill,"Would PATCH sprk_searchindexname"
cb265c52-2df3-f011-8406-7ced8d1dc988,"b!yLRdWEOAdkaWXskuRfByIRiz1S9kb_xPveFbearu6y9k1_PqePezTIDObGJTYq50",spaarke-knowledge-index-v2,dry-run-fill,"Would PATCH sprk_searchindexname"
7c5f48c6-ddf3-f011-8406-7ced8d1dc988,"b!yLRdWEOAdkaWXskuRfByIRiz1S9kb_xPveFbearu6y9k1_PqePezTIDObGJTYq50",spaarke-knowledge-index-v2,dry-run-fill,"Would PATCH sprk_searchindexname"
d614a8cc-ddf3-f011-8406-7ced8d1dc988,"b!yLRdWEOAdkaWXskuRfByIRiz1S9kb_xPveFbearu6y9k1_PqePezTIDObGJTYq50",spaarke-knowledge-index-v2,dry-run-fill,"Would PATCH sprk_searchindexname"
d914a8cc-ddf3-f011-8406-7ced8d1dc988,"b!yLRdWEOAdkaWXskuRfByIRiz1S9kb_xPveFbearu6y9k1_PqePezTIDObGJTYq50",spaarke-knowledge-index-v2,dry-run-fill,"Would PATCH sprk_searchindexname"
0ccc3c4c-def3-f011-8406-7ced8d1dc988,"b!yLRdWEOAdkaWXskuRfByIRiz1S9kb_xPveFbearu6y9k1_PqePezTIDObGJTYq50",spaarke-knowledge-index-v2,dry-run-fill,"Would PATCH sprk_searchindexname"
0ecc3c4c-def3-f011-8406-7ced8d1dc988,"b!yLRdWEOAdkaWXskuRfByIRiz1S9kb_xPveFbearu6y9k1_PqePezTIDObGJTYq50",spaarke-knowledge-index-v2,dry-run-fill,"Would PATCH sprk_searchindexname"
94ae6752-def3-f011-8406-7ced8d1dc988,"b!yLRdWEOAdkaWXskuRfByIRiz1S9kb_xPveFbearu6y9k1_PqePezTIDObGJTYq50",spaarke-knowledge-index-v2,dry-run-fill,"Would PATCH sprk_searchindexname"
9aae6752-def3-f011-8406-7ced8d1dc988,"b!yLRdWEOAdkaWXskuRfByIRiz1S9kb_xPveFbearu6y9k1_PqePezTIDObGJTYq50",spaarke-knowledge-index-v2,dry-run-fill,"Would PATCH sprk_searchindexname"
b6d89b4d-e7f4-f011-8406-7ced8d1dc988,"b!yLRdWEOAdkaWXskuRfByIRiz1S9kb_xPveFbearu6y9k1_PqePezTIDObGJTYq50",spaarke-knowledge-index-v2,dry-run-fill,"Would PATCH sprk_searchindexname"
c1d89b4d-e7f4-f011-8406-7ced8d1dc988,"b!yLRdWEOAdkaWXskuRfByIRiz1S9kb_xPveFbearu6y9k1_PqePezTIDObGJTYq50",spaarke-knowledge-index-v2,dry-run-fill,"Would PATCH sprk_searchindexname"
c6170754-e7f4-f011-8406-7ced8d1dc988,"b!yLRdWEOAdkaWXskuRfByIRiz1S9kb_xPveFbearu6y9k1_PqePezTIDObGJTYq50",spaarke-knowledge-index-v2,dry-run-fill,"Would PATCH sprk_searchindexname"
e21e0e5a-e7f4-f011-8406-7ced8d1dc988,"b!yLRdWEOAdkaWXskuRfByIRiz1S9kb_xPveFbearu6y9k1_PqePezTIDObGJTYq50",spaarke-knowledge-index-v2,dry-run-fill,"Would PATCH sprk_searchindexname"
7ce16c0a-5df5-f011-8406-7ced8d1dc988,"b!yLRdWEOAdkaWXskuRfByIRiz1S9kb_xPveFbearu6y9k1_PqePezTIDObGJTYq50",spaarke-knowledge-index-v2,dry-run-fill,"Would PATCH sprk_searchindexname"
8ce16c0a-5df5-f011-8406-7ced8d1dc988,"b!yLRdWEOAdkaWXskuRfByIRiz1S9kb_xPveFbearu6y9k1_PqePezTIDObGJTYq50",spaarke-knowledge-index-v2,dry-run-fill,"Would PATCH sprk_searchindexname"
9ae16c0a-5df5-f011-8406-7ced8d1dc988,"b!yLRdWEOAdkaWXskuRfByIRiz1S9kb_xPveFbearu6y9k1_PqePezTIDObGJTYq50",spaarke-knowledge-index-v2,dry-run-fill,"Would PATCH sprk_searchindexname"
a3aa5f78-c8fb-f011-8407-7ced8d1dc988,"b!yLRdWEOAdkaWXskuRfByIRiz1S9kb_xPveFbearu6y9k1_PqePezTIDObGJTYq50",spaarke-knowledge-index-v2,dry-run-fill,"Would PATCH sprk_searchindexname"
b0aa5f78-c8fb-f011-8407-7ced8d1dc988,"b!yLRdWEOAdkaWXskuRfByIRiz1S9kb_xPveFbearu6y9k1_PqePezTIDObGJTYq50",spaarke-knowledge-index-v2,dry-run-fill,"Would PATCH sprk_searchindexname"
9e18f87e-c8fb-f011-8407-7ced8d1dc988,"b!yLRdWEOAdkaWXskuRfByIRiz1S9kb_xPveFbearu6y9k1_PqePezTIDObGJTYq50",spaarke-knowledge-index-v2,dry-run-fill,"Would PATCH sprk_searchindexname"
ba18f87e-c8fb-f011-8407-7ced8d1dc988,"b!yLRdWEOAdkaWXskuRfByIRiz1S9kb_xPveFbearu6y9k1_PqePezTIDObGJTYq50",spaarke-knowledge-index-v2,dry-run-fill,"Would PATCH sprk_searchindexname"
c618f87e-c8fb-f011-8407-7ced8d1dc988,"b!yLRdWEOAdkaWXskuRfByIRiz1S9kb_xPveFbearu6y9k1_PqePezTIDObGJTYq50",spaarke-knowledge-index-v2,dry-run-fill,"Would PATCH sprk_searchindexname"
ba392352-cafb-f011-8407-7ced8d1dc988,"b!yLRdWEOAdkaWXskuRfByIRiz1S9kb_xPveFbearu6y9k1_PqePezTIDObGJTYq50",spaarke-knowledge-index-v2,dry-run-fill,"Would PATCH sprk_searchindexname"
3350adba-cafb-f011-8407-7ced8d1dc988,"b!yLRdWEOAdkaWXskuRfByIRiz1S9kb_xPveFbearu6y9k1_PqePezTIDObGJTYq50",spaarke-knowledge-index-v2,dry-run-fill,"Would PATCH sprk_searchindexname"
25c2acc0-cafb-f011-8407-7ced8d1dc988,"b!yLRdWEOAdkaWXskuRfByIRiz1S9kb_xPveFbearu6y9k1_PqePezTIDObGJTYq50",spaarke-knowledge-index-v2,dry-run-fill,"Would PATCH sprk_searchindexname"
4ec2acc0-cafb-f011-8407-7ced8d1dc988,"b!yLRdWEOAdkaWXskuRfByIRiz1S9kb_xPveFbearu6y9k1_PqePezTIDObGJTYq50",spaarke-knowledge-index-v2,dry-run-fill,"Would PATCH sprk_searchindexname"
f2a75e8a-d5fb-f011-8407-7ced8d1dc988,"b!yLRdWEOAdkaWXskuRfByIRiz1S9kb_xPveFbearu6y9k1_PqePezTIDObGJTYq50",spaarke-knowledge-index-v2,dry-run-fill,"Would PATCH sprk_searchindexname"
ffa75e8a-d5fb-f011-8407-7ced8d1dc988,"b!yLRdWEOAdkaWXskuRfByIRiz1S9kb_xPveFbearu6y9k1_PqePezTIDObGJTYq50",spaarke-knowledge-index-v2,dry-run-fill,"Would PATCH sprk_searchindexname"
4c8987f9-55fc-f011-8407-7ced8d1dc988,"b!yLRdWEOAdkaWXskuRfByIRiz1S9kb_xPveFbearu6y9k1_PqePezTIDObGJTYq50",spaarke-knowledge-index-v2,dry-run-fill,"Would PATCH sprk_searchindexname"
b5512f20-56fc-f011-8407-7ced8d1dc988,"b!yLRdWEOAdkaWXskuRfByIRiz1S9kb_xPveFbearu6y9k1_PqePezTIDObGJTYq50",spaarke-knowledge-index-v2,dry-run-fill,"Would PATCH sprk_searchindexname"
bc512f20-56fc-f011-8407-7ced8d1dc988,"b!yLRdWEOAdkaWXskuRfByIRiz1S9kb_xPveFbearu6y9k1_PqePezTIDObGJTYq50",spaarke-knowledge-index-v2,dry-run-fill,"Would PATCH sprk_searchindexname"
c2512f20-56fc-f011-8407-7ced8d1dc988,"b!yLRdWEOAdkaWXskuRfByIRiz1S9kb_xPveFbearu6y9k1_PqePezTIDObGJTYq50",spaarke-knowledge-index-v2,dry-run-fill,"Would PATCH sprk_searchindexname"
c3d13a26-56fc-f011-8407-7ced8d1dc988,"b!yLRdWEOAdkaWXskuRfByIRiz1S9kb_xPveFbearu6y9k1_PqePezTIDObGJTYq50",spaarke-knowledge-index-v2,dry-run-fill,"Would PATCH sprk_searchindexname"
c5d13a26-56fc-f011-8407-7ced8d1dc988,"b!yLRdWEOAdkaWXskuRfByIRiz1S9kb_xPveFbearu6y9k1_PqePezTIDObGJTYq50",spaarke-knowledge-index-v2,dry-run-fill,"Would PATCH sprk_searchindexname"
9aa5ab93-59fc-f011-8407-7ced8d1dc988,"b!yLRdWEOAdkaWXskuRfByIRiz1S9kb_xPveFbearu6y9k1_PqePezTIDObGJTYq50",spaarke-knowledge-index-v2,dry-run-fill,"Would PATCH sprk_searchindexname"
ad2a216b-72fc-f011-8407-7ced8d1dc988,"b!yLRdWEOAdkaWXskuRfByIRiz1S9kb_xPveFbearu6y9k1_PqePezTIDObGJTYq50",spaarke-knowledge-index-v2,dry-run-fill,"Would PATCH sprk_searchindexname"
4d6b5c71-72fc-f011-8407-7ced8d1dc988,"b!yLRdWEOAdkaWXskuRfByIRiz1S9kb_xPveFbearu6y9k1_PqePezTIDObGJTYq50",spaarke-knowledge-index-v2,dry-run-fill,"Would PATCH sprk_searchindexname"
8d1bea97-7ffc-f011-8407-7ced8d1dc988,"b!yLRdWEOAdkaWXskuRfByIRiz1S9kb_xPveFbearu6y9k1_PqePezTIDObGJTYq50",spaarke-knowledge-index-v2,dry-run-fill,"Would PATCH sprk_searchindexname"
515452a4-7ffc-f011-8407-7ced8d1dc988,"b!yLRdWEOAdkaWXskuRfByIRiz1S9kb_xPveFbearu6y9k1_PqePezTIDObGJTYq50",spaarke-knowledge-index-v2,dry-run-fill,"Would PATCH sprk_searchindexname"
555452a4-7ffc-f011-8407-7ced8d1dc988,"b!yLRdWEOAdkaWXskuRfByIRiz1S9kb_xPveFbearu6y9k1_PqePezTIDObGJTYq50",spaarke-knowledge-index-v2,dry-run-fill,"Would PATCH sprk_searchindexname"
946dee16-81fc-f011-8407-7ced8d1dc988,"b!yLRdWEOAdkaWXskuRfByIRiz1S9kb_xPveFbearu6y9k1_PqePezTIDObGJTYq50",spaarke-knowledge-index-v2,dry-run-fill,"Would PATCH sprk_searchindexname"
6245e3c5-81fc-f011-8407-7ced8d1dc988,"b!yLRdWEOAdkaWXskuRfByIRiz1S9kb_xPveFbearu6y9k1_PqePezTIDObGJTYq50",spaarke-knowledge-index-v2,dry-run-fill,"Would PATCH sprk_searchindexname"
3e05f6cb-81fc-f011-8407-7ced8d1dc988,"b!yLRdWEOAdkaWXskuRfByIRiz1S9kb_xPveFbearu6y9k1_PqePezTIDObGJTYq50",spaarke-knowledge-index-v2,dry-run-fill,"Would PATCH sprk_searchindexname"
514af859-82fc-f011-8407-7ced8d1dc988,"b!yLRdWEOAdkaWXskuRfByIRiz1S9kb_xPveFbearu6y9k1_PqePezTIDObGJTYq50",spaarke-knowledge-index-v2,dry-run-fill,"Would PATCH sprk_searchindexname"
d04e7660-82fc-f011-8407-7ced8d1dc988,"b!yLRdWEOAdkaWXskuRfByIRiz1S9kb_xPveFbearu6y9k1_PqePezTIDObGJTYq50",spaarke-knowledge-index-v2,dry-run-fill,"Would PATCH sprk_searchindexname"
d24e7660-82fc-f011-8407-7ced8d1dc988,"b!yLRdWEOAdkaWXskuRfByIRiz1S9kb_xPveFbearu6y9k1_PqePezTIDObGJTYq50",spaarke-knowledge-index-v2,dry-run-fill,"Would PATCH sprk_searchindexname"
d84e7660-82fc-f011-8407-7ced8d1dc988,"b!yLRdWEOAdkaWXskuRfByIRiz1S9kb_xPveFbearu6y9k1_PqePezTIDObGJTYq50",spaarke-knowledge-index-v2,dry-run-fill,"Would PATCH sprk_searchindexname"
4eddf3d4-9afc-f011-8407-7ced8d1dc988,"b!yLRdWEOAdkaWXskuRfByIRiz1S9kb_xPveFbearu6y9k1_PqePezTIDObGJTYq50",spaarke-knowledge-index-v2,dry-run-fill,"Would PATCH sprk_searchindexname"
57ddf3d4-9afc-f011-8407-7ced8d1dc988,"b!yLRdWEOAdkaWXskuRfByIRiz1S9kb_xPveFbearu6y9k1_PqePezTIDObGJTYq50",spaarke-knowledge-index-v2,dry-run-fill,"Would PATCH sprk_searchindexname"
5cddf3d4-9afc-f011-8407-7ced8d1dc988,"b!yLRdWEOAdkaWXskuRfByIRiz1S9kb_xPveFbearu6y9k1_PqePezTIDObGJTYq50",spaarke-knowledge-index-v2,dry-run-fill,"Would PATCH sprk_searchindexname"
4b9f5eaa-d1fc-f011-8407-7ced8d1dc988,"b!yLRdWEOAdkaWXskuRfByIRiz1S9kb_xPveFbearu6y9k1_PqePezTIDObGJTYq50",spaarke-knowledge-index-v2,dry-run-fill,"Would PATCH sprk_searchindexname"
559f5eaa-d1fc-f011-8407-7ced8d1dc988,"b!yLRdWEOAdkaWXskuRfByIRiz1S9kb_xPveFbearu6y9k1_PqePezTIDObGJTYq50",spaarke-knowledge-index-v2,dry-run-fill,"Would PATCH sprk_searchindexname"
1323c2f9-d2fc-f011-8407-7ced8d1dc988,"b!yLRdWEOAdkaWXskuRfByIRiz1S9kb_xPveFbearu6y9k1_PqePezTIDObGJTYq50",spaarke-knowledge-index-v2,dry-run-fill,"Would PATCH sprk_searchindexname"
1923c2f9-d2fc-f011-8407-7ced8d1dc988,"b!yLRdWEOAdkaWXskuRfByIRiz1S9kb_xPveFbearu6y9k1_PqePezTIDObGJTYq50",spaarke-knowledge-index-v2,dry-run-fill,"Would PATCH sprk_searchindexname"
577ad770-1bfd-f011-8407-7ced8d1dc988,"b!yLRdWEOAdkaWXskuRfByIRiz1S9kb_xPveFbearu6y9k1_PqePezTIDObGJTYq50",spaarke-knowledge-index-v2,dry-run-fill,"Would PATCH sprk_searchindexname"
797ad770-1bfd-f011-8407-7ced8d1dc988,"b!yLRdWEOAdkaWXskuRfByIRiz1S9kb_xPveFbearu6y9k1_PqePezTIDObGJTYq50",spaarke-knowledge-index-v2,dry-run-fill,"Would PATCH sprk_searchindexname"
1a0d3be4-4efd-f011-8407-7ced8d1dc988,"b!yLRdWEOAdkaWXskuRfByIRiz1S9kb_xPveFbearu6y9k1_PqePezTIDObGJTYq50",spaarke-knowledge-index-v2,dry-run-fill,"Would PATCH sprk_searchindexname"
1958b89b-4ffd-f011-8407-7ced8d1dc988,"b!yLRdWEOAdkaWXskuRfByIRiz1S9kb_xPveFbearu6y9k1_PqePezTIDObGJTYq50",spaarke-knowledge-index-v2,dry-run-fill,"Would PATCH sprk_searchindexname"
1e58b89b-4ffd-f011-8407-7ced8d1dc988,"b!yLRdWEOAdkaWXskuRfByIRiz1S9kb_xPveFbearu6y9k1_PqePezTIDObGJTYq50",spaarke-knowledge-index-v2,dry-run-fill,"Would PATCH sprk_searchindexname"
93da484f-53fd-f011-8407-7ced8d1dc988,"b!yLRdWEOAdkaWXskuRfByIRiz1S9kb_xPveFbearu6y9k1_PqePezTIDObGJTYq50",spaarke-knowledge-index-v2,dry-run-fill,"Would PATCH sprk_searchindexname"
1adb484f-53fd-f011-8407-7ced8d1dc988,"b!yLRdWEOAdkaWXskuRfByIRiz1S9kb_xPveFbearu6y9k1_PqePezTIDObGJTYq50",spaarke-knowledge-index-v2,dry-run-fill,"Would PATCH sprk_searchindexname"
aa198a59-86fd-f011-8407-7ced8d1dc988,"b!yLRdWEOAdkaWXskuRfByIRiz1S9kb_xPveFbearu6y9k1_PqePezTIDObGJTYq50",spaarke-knowledge-index-v2,dry-run-fill,"Would PATCH sprk_searchindexname"
bf198a59-86fd-f011-8407-7ced8d1dc988,"b!yLRdWEOAdkaWXskuRfByIRiz1S9kb_xPveFbearu6y9k1_PqePezTIDObGJTYq50",spaarke-knowledge-index-v2,dry-run-fill,"Would PATCH sprk_searchindexname"
5d15f123-87fd-f011-8407-7ced8d1dc988,"b!yLRdWEOAdkaWXskuRfByIRiz1S9kb_xPveFbearu6y9k1_PqePezTIDObGJTYq50",spaarke-knowledge-index-v2,dry-run-fill,"Would PATCH sprk_searchindexname"
5374142a-87fd-f011-8407-7ced8d1dc988,"b!yLRdWEOAdkaWXskuRfByIRiz1S9kb_xPveFbearu6y9k1_PqePezTIDObGJTYq50",spaarke-knowledge-index-v2,dry-run-fill,"Would PATCH sprk_searchindexname"
739ccc79-88fd-f011-8407-7ced8d1dc988,"b!yLRdWEOAdkaWXskuRfByIRiz1S9kb_xPveFbearu6y9k1_PqePezTIDObGJTYq50",spaarke-knowledge-index-v2,dry-run-fill,"Would PATCH sprk_searchindexname"
b99ccc79-88fd-f011-8407-7ced8d1dc988,"b!yLRdWEOAdkaWXskuRfByIRiz1S9kb_xPveFbearu6y9k1_PqePezTIDObGJTYq50",spaarke-knowledge-index-v2,dry-run-fill,"Would PATCH sprk_searchindexname"
ba9aed7f-88fd-f011-8407-7ced8d1dc988,"b!yLRdWEOAdkaWXskuRfByIRiz1S9kb_xPveFbearu6y9k1_PqePezTIDObGJTYq50",spaarke-knowledge-index-v2,dry-run-fill,"Would PATCH sprk_searchindexname"
8378023e-89fd-f011-8407-7ced8d1dc988,"b!yLRdWEOAdkaWXskuRfByIRiz1S9kb_xPveFbearu6y9k1_PqePezTIDObGJTYq50",spaarke-knowledge-index-v2,dry-run-fill,"Would PATCH sprk_searchindexname"
9d466f81-90fd-f011-8407-7ced8d1dc988,"b!yLRdWEOAdkaWXskuRfByIRiz1S9kb_xPveFbearu6y9k1_PqePezTIDObGJTYq50",spaarke-knowledge-index-v2,dry-run-fill,"Would PATCH sprk_searchindexname"
2a97988e-90fd-f011-8407-7ced8d1dc988,"b!yLRdWEOAdkaWXskuRfByIRiz1S9kb_xPveFbearu6y9k1_PqePezTIDObGJTYq50",spaarke-knowledge-index-v2,dry-run-fill,"Would PATCH sprk_searchindexname"
90880e0f-97fd-f011-8407-7ced8d1dc988,"b!yLRdWEOAdkaWXskuRfByIRiz1S9kb_xPveFbearu6y9k1_PqePezTIDObGJTYq50",spaarke-knowledge-index-v2,dry-run-fill,"Would PATCH sprk_searchindexname"
c6fd1e15-97fd-f011-8407-7ced8d1dc988,"b!yLRdWEOAdkaWXskuRfByIRiz1S9kb_xPveFbearu6y9k1_PqePezTIDObGJTYq50",spaarke-knowledge-index-v2,dry-run-fill,"Would PATCH sprk_searchindexname"
4346138b-e0fd-f011-8407-7ced8d1dc988,"b!yLRdWEOAdkaWXskuRfByIRiz1S9kb_xPveFbearu6y9k1_PqePezTIDObGJTYq50",spaarke-knowledge-index-v2,dry-run-fill,"Would PATCH sprk_searchindexname"
d1002798-e0fd-f011-8407-7ced8d1dc988,"b!yLRdWEOAdkaWXskuRfByIRiz1S9kb_xPveFbearu6y9k1_PqePezTIDObGJTYq50",spaarke-knowledge-index-v2,dry-run-fill,"Would PATCH sprk_searchindexname"
e7f3dd32-e4fd-f011-8407-7ced8d1dc988,"b!yLRdWEOAdkaWXskuRfByIRiz1S9kb_xPveFbearu6y9k1_PqePezTIDObGJTYq50",spaarke-knowledge-index-v2,dry-run-fill,"Would PATCH sprk_searchindexname"
b036d716-e6fd-f011-8407-7ced8d1dc988,"b!yLRdWEOAdkaWXskuRfByIRiz1S9kb_xPveFbearu6y9k1_PqePezTIDObGJTYq50",spaarke-knowledge-index-v2,dry-run-fill,"Would PATCH sprk_searchindexname"
e25af41c-e6fd-f011-8407-7ced8d1dc988,"b!yLRdWEOAdkaWXskuRfByIRiz1S9kb_xPveFbearu6y9k1_PqePezTIDObGJTYq50",spaarke-knowledge-index-v2,dry-run-fill,"Would PATCH sprk_searchindexname"
865d62ad-e6fd-f011-8407-7ced8d1dc988,"b!yLRdWEOAdkaWXskuRfByIRiz1S9kb_xPveFbearu6y9k1_PqePezTIDObGJTYq50",spaarke-knowledge-index-v2,dry-run-fill,"Would PATCH sprk_searchindexname"
051b39ba-e6fd-f011-8407-7ced8d1dc988,"b!yLRdWEOAdkaWXskuRfByIRiz1S9kb_xPveFbearu6y9k1_PqePezTIDObGJTYq50",spaarke-knowledge-index-v2,dry-run-fill,"Would PATCH sprk_searchindexname"
4d693bcf-fefd-f011-8407-7ced8d1dc988,"b!yLRdWEOAdkaWXskuRfByIRiz1S9kb_xPveFbearu6y9k1_PqePezTIDObGJTYq50",spaarke-knowledge-index-v2,dry-run-fill,"Would PATCH sprk_searchindexname"
857d3bd5-fefd-f011-8407-7ced8d1dc988,"b!yLRdWEOAdkaWXskuRfByIRiz1S9kb_xPveFbearu6y9k1_PqePezTIDObGJTYq50",spaarke-knowledge-index-v2,dry-run-fill,"Would PATCH sprk_searchindexname"
33b608b9-00fe-f011-8407-7ced8d1dc988,"b!yLRdWEOAdkaWXskuRfByIRiz1S9kb_xPveFbearu6y9k1_PqePezTIDObGJTYq50",spaarke-knowledge-index-v2,dry-run-fill,"Would PATCH sprk_searchindexname"
3a12a1b6-01fe-f011-8407-7ced8d1dc988,"b!yLRdWEOAdkaWXskuRfByIRiz1S9kb_xPveFbearu6y9k1_PqePezTIDObGJTYq50",spaarke-knowledge-index-v2,dry-run-fill,"Would PATCH sprk_searchindexname"
f212a1b6-01fe-f011-8407-7ced8d1dc988,"b!yLRdWEOAdkaWXskuRfByIRiz1S9kb_xPveFbearu6y9k1_PqePezTIDObGJTYq50",spaarke-knowledge-index-v2,dry-run-fill,"Would PATCH sprk_searchindexname"
a631b3c8-02fe-f011-8407-7ced8d1dc988,"b!yLRdWEOAdkaWXskuRfByIRiz1S9kb_xPveFbearu6y9k1_PqePezTIDObGJTYq50",spaarke-knowledge-index-v2,dry-run-fill,"Would PATCH sprk_searchindexname"
d431b3c8-02fe-f011-8407-7ced8d1dc988,"b!yLRdWEOAdkaWXskuRfByIRiz1S9kb_xPveFbearu6y9k1_PqePezTIDObGJTYq50",spaarke-knowledge-index-v2,dry-run-fill,"Would PATCH sprk_searchindexname"
8cbe4e81-03fe-f011-8407-7ced8d1dc988,"b!yLRdWEOAdkaWXskuRfByIRiz1S9kb_xPveFbearu6y9k1_PqePezTIDObGJTYq50",spaarke-knowledge-index-v2,dry-run-fill,"Would PATCH sprk_searchindexname"
1a654787-03fe-f011-8407-7ced8d1dc988,"b!yLRdWEOAdkaWXskuRfByIRiz1S9kb_xPveFbearu6y9k1_PqePezTIDObGJTYq50",spaarke-knowledge-index-v2,dry-run-fill,"Would PATCH sprk_searchindexname"
44c9d654-a5d4-f011-8543-7ced8d1dc988,"b!yLRdWEOAdkaWXskuRfByIRiz1S9kb_xPveFbearu6y9k1_PqePezTIDObGJTYq50",spaarke-knowledge-index-v2,dry-run-fill,"Would PATCH sprk_searchindexname"
bece6dd0-b6d4-f011-8543-7ced8d1dc988,"b!yLRdWEOAdkaWXskuRfByIRiz1S9kb_xPveFbearu6y9k1_PqePezTIDObGJTYq50",spaarke-knowledge-index-v2,dry-run-fill,"Would PATCH sprk_searchindexname"
0d8f19f4-bcd4-f011-8543-7ced8d1dc988,"b!yLRdWEOAdkaWXskuRfByIRiz1S9kb_xPveFbearu6y9k1_PqePezTIDObGJTYq50",spaarke-knowledge-index-v2,dry-run-fill,"Would PATCH sprk_searchindexname"
8c3a1daa-bfd4-f011-8543-7ced8d1dc988,"b!yLRdWEOAdkaWXskuRfByIRiz1S9kb_xPveFbearu6y9k1_PqePezTIDObGJTYq50",spaarke-knowledge-index-v2,dry-run-fill,"Would PATCH sprk_searchindexname"
db0050c5-c0d4-f011-8543-7ced8d1dc988,"b!yLRdWEOAdkaWXskuRfByIRiz1S9kb_xPveFbearu6y9k1_PqePezTIDObGJTYq50",spaarke-knowledge-index-v2,dry-run-fill,"Would PATCH sprk_searchindexname"
769c7683-c1d4-f011-8543-7ced8d1dc988,"b!yLRdWEOAdkaWXskuRfByIRiz1S9kb_xPveFbearu6y9k1_PqePezTIDObGJTYq50",spaarke-knowledge-index-v2,dry-run-fill,"Would PATCH sprk_searchindexname"
e60c214d-c4d4-f011-8543-7ced8d1dc988,"b!yLRdWEOAdkaWXskuRfByIRiz1S9kb_xPveFbearu6y9k1_PqePezTIDObGJTYq50",spaarke-knowledge-index-v2,dry-run-fill,"Would PATCH sprk_searchindexname"
f66338d1-00d5-f011-8543-7ced8d1dc988,"b!yLRdWEOAdkaWXskuRfByIRiz1S9kb_xPveFbearu6y9k1_PqePezTIDObGJTYq50",spaarke-knowledge-index-v2,dry-run-fill,"Would PATCH sprk_searchindexname"
f75ab205-03d5-f011-8543-7ced8d1dc988,"b!yLRdWEOAdkaWXskuRfByIRiz1S9kb_xPveFbearu6y9k1_PqePezTIDObGJTYq50",spaarke-knowledge-index-v2,dry-run-fill,"Would PATCH sprk_searchindexname"
936f2b08-0bd5-f011-8543-7ced8d1dc988,"b!yLRdWEOAdkaWXskuRfByIRiz1S9kb_xPveFbearu6y9k1_PqePezTIDObGJTYq50",spaarke-knowledge-index-v2,dry-run-fill,"Would PATCH sprk_searchindexname"
9bea15ed-0cd5-f011-8543-7ced8d1dc988,"b!yLRdWEOAdkaWXskuRfByIRiz1S9kb_xPveFbearu6y9k1_PqePezTIDObGJTYq50",spaarke-knowledge-index-v2,dry-run-fill,"Would PATCH sprk_searchindexname"
aa76ed88-0ed5-f011-8543-7ced8d1dc988,"b!yLRdWEOAdkaWXskuRfByIRiz1S9kb_xPveFbearu6y9k1_PqePezTIDObGJTYq50",spaarke-knowledge-index-v2,dry-run-fill,"Would PATCH sprk_searchindexname"
358eceef-0ed5-f011-8543-7ced8d1dc988,"b!yLRdWEOAdkaWXskuRfByIRiz1S9kb_xPveFbearu6y9k1_PqePezTIDObGJTYq50",spaarke-knowledge-index-v2,dry-run-fill,"Would PATCH sprk_searchindexname"
a3f2d1f6-0ed5-f011-8543-7ced8d1dc988,"b!yLRdWEOAdkaWXskuRfByIRiz1S9kb_xPveFbearu6y9k1_PqePezTIDObGJTYq50",spaarke-knowledge-index-v2,dry-run-fill,"Would PATCH sprk_searchindexname"
895e0b50-11d5-f011-8543-7ced8d1dc988,"b!yLRdWEOAdkaWXskuRfByIRiz1S9kb_xPveFbearu6y9k1_PqePezTIDObGJTYq50",spaarke-knowledge-index-v2,dry-run-fill,"Would PATCH sprk_searchindexname"
d63b655c-11d5-f011-8543-7ced8d1dc988,"b!yLRdWEOAdkaWXskuRfByIRiz1S9kb_xPveFbearu6y9k1_PqePezTIDObGJTYq50",spaarke-knowledge-index-v2,dry-run-fill,"Would PATCH sprk_searchindexname"
d83b655c-11d5-f011-8543-7ced8d1dc988,"b!yLRdWEOAdkaWXskuRfByIRiz1S9kb_xPveFbearu6y9k1_PqePezTIDObGJTYq50",spaarke-knowledge-index-v2,dry-run-fill,"Would PATCH sprk_searchindexname"
9289fa7c-17d5-f011-8543-7ced8d1dc988,"b!yLRdWEOAdkaWXskuRfByIRiz1S9kb_xPveFbearu6y9k1_PqePezTIDObGJTYq50",spaarke-knowledge-index-v2,dry-run-fill,"Would PATCH sprk_searchindexname"
944149c9-1cd5-f011-8543-7ced8d1dc988,"b!yLRdWEOAdkaWXskuRfByIRiz1S9kb_xPveFbearu6y9k1_PqePezTIDObGJTYq50",spaarke-knowledge-index-v2,dry-run-fill,"Would PATCH sprk_searchindexname"
23b6d2af-22d5-f011-8543-7ced8d1dc988,"b!yLRdWEOAdkaWXskuRfByIRiz1S9kb_xPveFbearu6y9k1_PqePezTIDObGJTYq50",spaarke-knowledge-index-v2,dry-run-fill,"Would PATCH sprk_searchindexname"
452f09e5-83d5-f011-8543-7ced8d1dc988,"b!yLRdWEOAdkaWXskuRfByIRiz1S9kb_xPveFbearu6y9k1_PqePezTIDObGJTYq50",spaarke-knowledge-index-v2,dry-run-fill,"Would PATCH sprk_searchindexname"
4a61dca1-85d5-f011-8543-7ced8d1dc988,"b!yLRdWEOAdkaWXskuRfByIRiz1S9kb_xPveFbearu6y9k1_PqePezTIDObGJTYq50",spaarke-knowledge-index-v2,dry-run-fill,"Would PATCH sprk_searchindexname"
82c566b3-86d5-f011-8543-7ced8d1dc988,"b!yLRdWEOAdkaWXskuRfByIRiz1S9kb_xPveFbearu6y9k1_PqePezTIDObGJTYq50",spaarke-knowledge-index-v2,dry-run-fill,"Would PATCH sprk_searchindexname"
0e48a1df-86d5-f011-8543-7ced8d1dc988,"b!yLRdWEOAdkaWXskuRfByIRiz1S9kb_xPveFbearu6y9k1_PqePezTIDObGJTYq50",spaarke-knowledge-index-v2,dry-run-fill,"Would PATCH sprk_searchindexname"
1177dff4-88d5-f011-8543-7ced8d1dc988,"b!yLRdWEOAdkaWXskuRfByIRiz1S9kb_xPveFbearu6y9k1_PqePezTIDObGJTYq50",spaarke-knowledge-index-v2,dry-run-fill,"Would PATCH sprk_searchindexname"
fdc5cf0f-8ad5-f011-8543-7ced8d1dc988,"b!yLRdWEOAdkaWXskuRfByIRiz1S9kb_xPveFbearu6y9k1_PqePezTIDObGJTYq50",spaarke-knowledge-index-v2,dry-run-fill,"Would PATCH sprk_searchindexname"
d56ab5db-8ad5-f011-8543-7ced8d1dc988,"b!yLRdWEOAdkaWXskuRfByIRiz1S9kb_xPveFbearu6y9k1_PqePezTIDObGJTYq50",spaarke-knowledge-index-v2,dry-run-fill,"Would PATCH sprk_searchindexname"
d86ab5db-8ad5-f011-8543-7ced8d1dc988,"b!yLRdWEOAdkaWXskuRfByIRiz1S9kb_xPveFbearu6y9k1_PqePezTIDObGJTYq50",spaarke-knowledge-index-v2,dry-run-fill,"Would PATCH sprk_searchindexname"
da6ab5db-8ad5-f011-8543-7ced8d1dc988,"b!yLRdWEOAdkaWXskuRfByIRiz1S9kb_xPveFbearu6y9k1_PqePezTIDObGJTYq50",spaarke-knowledge-index-v2,dry-run-fill,"Would PATCH sprk_searchindexname"
b62fbb42-8ed5-f011-8543-7ced8d1dc988,"b!yLRdWEOAdkaWXskuRfByIRiz1S9kb_xPveFbearu6y9k1_PqePezTIDObGJTYq50",spaarke-knowledge-index-v2,dry-run-fill,"Would PATCH sprk_searchindexname"
c72fbb42-8ed5-f011-8543-7ced8d1dc988,"b!yLRdWEOAdkaWXskuRfByIRiz1S9kb_xPveFbearu6y9k1_PqePezTIDObGJTYq50",spaarke-knowledge-index-v2,dry-run-fill,"Would PATCH sprk_searchindexname"
cc2fbb42-8ed5-f011-8543-7ced8d1dc988,"b!yLRdWEOAdkaWXskuRfByIRiz1S9kb_xPveFbearu6y9k1_PqePezTIDObGJTYq50",spaarke-knowledge-index-v2,dry-run-fill,"Would PATCH sprk_searchindexname"
53a25cba-cad5-f011-8543-7ced8d1dc988,"b!yLRdWEOAdkaWXskuRfByIRiz1S9kb_xPveFbearu6y9k1_PqePezTIDObGJTYq50",spaarke-knowledge-index-v2,dry-run-fill,"Would PATCH sprk_searchindexname"
163cff51-ced5-f011-8543-7ced8d1dc988,"b!yLRdWEOAdkaWXskuRfByIRiz1S9kb_xPveFbearu6y9k1_PqePezTIDObGJTYq50",spaarke-knowledge-index-v2,dry-run-fill,"Would PATCH sprk_searchindexname"
792c0f3d-d4d5-f011-8543-7ced8d1dc988,"b!yLRdWEOAdkaWXskuRfByIRiz1S9kb_xPveFbearu6y9k1_PqePezTIDObGJTYq50",spaarke-knowledge-index-v2,dry-run-fill,"Would PATCH sprk_searchindexname"
836e2602-d5d5-f011-8543-7ced8d1dc988,"b!yLRdWEOAdkaWXskuRfByIRiz1S9kb_xPveFbearu6y9k1_PqePezTIDObGJTYq50",spaarke-knowledge-index-v2,dry-run-fill,"Would PATCH sprk_searchindexname"
856e2602-d5d5-f011-8543-7ced8d1dc988,"b!yLRdWEOAdkaWXskuRfByIRiz1S9kb_xPveFbearu6y9k1_PqePezTIDObGJTYq50",spaarke-knowledge-index-v2,dry-run-fill,"Would PATCH sprk_searchindexname"
876e2602-d5d5-f011-8543-7ced8d1dc988,"b!yLRdWEOAdkaWXskuRfByIRiz1S9kb_xPveFbearu6y9k1_PqePezTIDObGJTYq50",spaarke-knowledge-index-v2,dry-run-fill,"Would PATCH sprk_searchindexname"
0a80e940-d7d5-f011-8543-7ced8d1dc988,"b!yLRdWEOAdkaWXskuRfByIRiz1S9kb_xPveFbearu6y9k1_PqePezTIDObGJTYq50",spaarke-knowledge-index-v2,dry-run-fill,"Would PATCH sprk_searchindexname"
0c80e940-d7d5-f011-8543-7ced8d1dc988,"b!yLRdWEOAdkaWXskuRfByIRiz1S9kb_xPveFbearu6y9k1_PqePezTIDObGJTYq50",spaarke-knowledge-index-v2,dry-run-fill,"Would PATCH sprk_searchindexname"
0e80e940-d7d5-f011-8543-7ced8d1dc988,"b!yLRdWEOAdkaWXskuRfByIRiz1S9kb_xPveFbearu6y9k1_PqePezTIDObGJTYq50",spaarke-knowledge-index-v2,dry-run-fill,"Would PATCH sprk_searchindexname"
ed0da3aa-fcd5-f011-8543-7ced8d1dc988,"b!yLRdWEOAdkaWXskuRfByIRiz1S9kb_xPveFbearu6y9k1_PqePezTIDObGJTYq50",spaarke-knowledge-index-v2,dry-run-fill,"Would PATCH sprk_searchindexname"
5b2e731c-fdd5-f011-8543-7ced8d1dc988,"b!yLRdWEOAdkaWXskuRfByIRiz1S9kb_xPveFbearu6y9k1_PqePezTIDObGJTYq50",spaarke-knowledge-index-v2,dry-run-fill,"Would PATCH sprk_searchindexname"
eba0fba1-0ed6-f011-8543-7ced8d1dc988,"b!yLRdWEOAdkaWXskuRfByIRiz1S9kb_xPveFbearu6y9k1_PqePezTIDObGJTYq50",spaarke-knowledge-index-v2,dry-run-fill,"Would PATCH sprk_searchindexname"
eda0fba1-0ed6-f011-8543-7ced8d1dc988,"b!yLRdWEOAdkaWXskuRfByIRiz1S9kb_xPveFbearu6y9k1_PqePezTIDObGJTYq50",spaarke-knowledge-index-v2,dry-run-fill,"Would PATCH sprk_searchindexname"
02ca3558-10d6-f011-8543-7ced8d1dc988,"b!yLRdWEOAdkaWXskuRfByIRiz1S9kb_xPveFbearu6y9k1_PqePezTIDObGJTYq50",spaarke-knowledge-index-v2,dry-run-fill,"Would PATCH sprk_searchindexname"
b4b3de83-10d6-f011-8543-7ced8d1dc988,"b!yLRdWEOAdkaWXskuRfByIRiz1S9kb_xPveFbearu6y9k1_PqePezTIDObGJTYq50",spaarke-knowledge-index-v2,dry-run-fill,"Would PATCH sprk_searchindexname"
18251d19-12d6-f011-8543-7ced8d1dc988,"b!yLRdWEOAdkaWXskuRfByIRiz1S9kb_xPveFbearu6y9k1_PqePezTIDObGJTYq50",spaarke-knowledge-index-v2,dry-run-fill,"Would PATCH sprk_searchindexname"
e1e3b136-13d6-f011-8543-7ced8d1dc988,"b!yLRdWEOAdkaWXskuRfByIRiz1S9kb_xPveFbearu6y9k1_PqePezTIDObGJTYq50",spaarke-knowledge-index-v2,dry-run-fill,"Would PATCH sprk_searchindexname"
87fcfc5e-19d6-f011-8543-7ced8d1dc988,"b!yLRdWEOAdkaWXskuRfByIRiz1S9kb_xPveFbearu6y9k1_PqePezTIDObGJTYq50",spaarke-knowledge-index-v2,dry-run-fill,"Would PATCH sprk_searchindexname"
52a81fb0-1bd6-f011-8543-7ced8d1dc988,"b!yLRdWEOAdkaWXskuRfByIRiz1S9kb_xPveFbearu6y9k1_PqePezTIDObGJTYq50",spaarke-knowledge-index-v2,dry-run-fill,"Would PATCH sprk_searchindexname"
99664bd0-40d6-f011-8543-7ced8d1dc988,"b!yLRdWEOAdkaWXskuRfByIRiz1S9kb_xPveFbearu6y9k1_PqePezTIDObGJTYq50",spaarke-knowledge-index-v2,dry-run-fill,"Would PATCH sprk_searchindexname"
7cf423e1-4bd6-f011-8543-7ced8d1dc988,"b!yLRdWEOAdkaWXskuRfByIRiz1S9kb_xPveFbearu6y9k1_PqePezTIDObGJTYq50",spaarke-knowledge-index-v2,dry-run-fill,"Would PATCH sprk_searchindexname"
a3b1ccfa-bfd6-f011-8543-7ced8d1dc988,"b!yLRdWEOAdkaWXskuRfByIRiz1S9kb_xPveFbearu6y9k1_PqePezTIDObGJTYq50",spaarke-knowledge-index-v2,dry-run-fill,"Would PATCH sprk_searchindexname"
bfa941b2-d4d6-f011-8543-7ced8d1dc988,"b!yLRdWEOAdkaWXskuRfByIRiz1S9kb_xPveFbearu6y9k1_PqePezTIDObGJTYq50",spaarke-knowledge-index-v2,dry-run-fill,"Would PATCH sprk_searchindexname"
3d6a3fa7-d8d6-f011-8543-7ced8d1dc988,"b!yLRdWEOAdkaWXskuRfByIRiz1S9kb_xPveFbearu6y9k1_PqePezTIDObGJTYq50",spaarke-knowledge-index-v2,dry-run-fill,"Would PATCH sprk_searchindexname"
76358bf8-811c-f111-88b3-7ced8d1dc988,"b!yLRdWEOAdkaWXskuRfByIRiz1S9kb_xPveFbearu6y9k1_PqePezTIDObGJTYq50",spaarke-knowledge-index-v2,dry-run-fill,"Would PATCH sprk_searchindexname"
86358bf8-811c-f111-88b3-7ced8d1dc988,"b!yLRdWEOAdkaWXskuRfByIRiz1S9kb_xPveFbearu6y9k1_PqePezTIDObGJTYq50",spaarke-knowledge-index-v2,dry-run-fill,"Would PATCH sprk_searchindexname"
5513de7d-831c-f111-88b3-7ced8d1dc988,"b!yLRdWEOAdkaWXskuRfByIRiz1S9kb_xPveFbearu6y9k1_PqePezTIDObGJTYq50",spaarke-knowledge-index-v2,dry-run-fill,"Would PATCH sprk_searchindexname"
d2d2f916-991c-f111-88b3-7ced8d1dc988,"b!yLRdWEOAdkaWXskuRfByIRiz1S9kb_xPveFbearu6y9k1_PqePezTIDObGJTYq50",spaarke-knowledge-index-v2,dry-run-fill,"Would PATCH sprk_searchindexname"
0923e10a-a31c-f111-88b3-7ced8d1dc988,"b!yLRdWEOAdkaWXskuRfByIRiz1S9kb_xPveFbearu6y9k1_PqePezTIDObGJTYq50",spaarke-knowledge-index-v2,dry-run-fill,"Would PATCH sprk_searchindexname"
b284a3a4-a31c-f111-88b3-7ced8d1dc988,"b!yLRdWEOAdkaWXskuRfByIRiz1S9kb_xPveFbearu6y9k1_PqePezTIDObGJTYq50",spaarke-knowledge-index-v2,dry-run-fill,"Would PATCH sprk_searchindexname"
1f559ff8-a71c-f111-88b3-7ced8d1dc988,"b!yLRdWEOAdkaWXskuRfByIRiz1S9kb_xPveFbearu6y9k1_PqePezTIDObGJTYq50",spaarke-knowledge-index-v2,dry-run-fill,"Would PATCH sprk_searchindexname"
22559ff8-a71c-f111-88b3-7ced8d1dc988,"b!yLRdWEOAdkaWXskuRfByIRiz1S9kb_xPveFbearu6y9k1_PqePezTIDObGJTYq50",spaarke-knowledge-index-v2,dry-run-fill,"Would PATCH sprk_searchindexname"
d66ff91f-aa1c-f111-88b3-7ced8d1dc988,"b!yLRdWEOAdkaWXskuRfByIRiz1S9kb_xPveFbearu6y9k1_PqePezTIDObGJTYq50",spaarke-knowledge-index-v2,dry-run-fill,"Would PATCH sprk_searchindexname"
c8182148-ab1c-f111-88b3-7ced8d1dc988,"b!yLRdWEOAdkaWXskuRfByIRiz1S9kb_xPveFbearu6y9k1_PqePezTIDObGJTYq50",spaarke-knowledge-index-v2,dry-run-fill,"Would PATCH sprk_searchindexname"
cd182148-ab1c-f111-88b3-7ced8d1dc988,"b!yLRdWEOAdkaWXskuRfByIRiz1S9kb_xPveFbearu6y9k1_PqePezTIDObGJTYq50",spaarke-knowledge-index-v2,dry-run-fill,"Would PATCH sprk_searchindexname"
24c0a226-bb1c-f111-88b3-7ced8d1dc988,"b!yLRdWEOAdkaWXskuRfByIRiz1S9kb_xPveFbearu6y9k1_PqePezTIDObGJTYq50",spaarke-knowledge-index-v2,dry-run-fill,"Would PATCH sprk_searchindexname"
27c0a226-bb1c-f111-88b3-7ced8d1dc988,"b!yLRdWEOAdkaWXskuRfByIRiz1S9kb_xPveFbearu6y9k1_PqePezTIDObGJTYq50",spaarke-knowledge-index-v2,dry-run-fill,"Would PATCH sprk_searchindexname"
6be7df17-bc1c-f111-88b3-7ced8d1dc988,"b!yLRdWEOAdkaWXskuRfByIRiz1S9kb_xPveFbearu6y9k1_PqePezTIDObGJTYq50",spaarke-knowledge-index-v2,dry-run-fill,"Would PATCH sprk_searchindexname"
6fe7df17-bc1c-f111-88b3-7ced8d1dc988,"b!yLRdWEOAdkaWXskuRfByIRiz1S9kb_xPveFbearu6y9k1_PqePezTIDObGJTYq50",spaarke-knowledge-index-v2,dry-run-fill,"Would PATCH sprk_searchindexname"
ba6c775c-501d-f111-88b3-7ced8d1dc988,"b!yLRdWEOAdkaWXskuRfByIRiz1S9kb_xPveFbearu6y9k1_PqePezTIDObGJTYq50",spaarke-knowledge-index-v2,dry-run-fill,"Would PATCH sprk_searchindexname"
d06c775c-501d-f111-88b3-7ced8d1dc988,"b!yLRdWEOAdkaWXskuRfByIRiz1S9kb_xPveFbearu6y9k1_PqePezTIDObGJTYq50",spaarke-knowledge-index-v2,dry-run-fill,"Would PATCH sprk_searchindexname"
0c344a69-591d-f111-88b3-7ced8d1dc988,"b!yLRdWEOAdkaWXskuRfByIRiz1S9kb_xPveFbearu6y9k1_PqePezTIDObGJTYq50",spaarke-knowledge-index-v2,dry-run-fill,"Would PATCH sprk_searchindexname"
0f344a69-591d-f111-88b3-7ced8d1dc988,"b!yLRdWEOAdkaWXskuRfByIRiz1S9kb_xPveFbearu6y9k1_PqePezTIDObGJTYq50",spaarke-knowledge-index-v2,dry-run-fill,"Would PATCH sprk_searchindexname"
576d1725-5f1d-f111-88b3-7ced8d1dc988,"b!yLRdWEOAdkaWXskuRfByIRiz1S9kb_xPveFbearu6y9k1_PqePezTIDObGJTYq50",spaarke-knowledge-index-v2,dry-run-fill,"Would PATCH sprk_searchindexname"
164ffa27-641d-f111-88b3-7ced8d1dc988,"b!yLRdWEOAdkaWXskuRfByIRiz1S9kb_xPveFbearu6y9k1_PqePezTIDObGJTYq50",spaarke-knowledge-index-v2,dry-run-fill,"Would PATCH sprk_searchindexname"
5492796b-641d-f111-88b3-7ced8d1dc988,"b!yLRdWEOAdkaWXskuRfByIRiz1S9kb_xPveFbearu6y9k1_PqePezTIDObGJTYq50",spaarke-knowledge-index-v2,dry-run-fill,"Would PATCH sprk_searchindexname"
1e57d0c6-651d-f111-88b3-7ced8d1dc988,"b!yLRdWEOAdkaWXskuRfByIRiz1S9kb_xPveFbearu6y9k1_PqePezTIDObGJTYq50",spaarke-knowledge-index-v2,dry-run-fill,"Would PATCH sprk_searchindexname"
c7ca5fe4-251e-f111-88b3-7ced8d1dc988,"b!yLRdWEOAdkaWXskuRfByIRiz1S9kb_xPveFbearu6y9k1_PqePezTIDObGJTYq50",spaarke-knowledge-index-v2,dry-run-fill,"Would PATCH sprk_searchindexname"
c9ca5fe4-251e-f111-88b3-7ced8d1dc988,"b!yLRdWEOAdkaWXskuRfByIRiz1S9kb_xPveFbearu6y9k1_PqePezTIDObGJTYq50",spaarke-knowledge-index-v2,dry-run-fill,"Would PATCH sprk_searchindexname"
5ccfbebe-261e-f111-88b3-7ced8d1dc988,"b!yLRdWEOAdkaWXskuRfByIRiz1S9kb_xPveFbearu6y9k1_PqePezTIDObGJTYq50",spaarke-knowledge-index-v2,dry-run-fill,"Would PATCH sprk_searchindexname"
5dcfbebe-261e-f111-88b3-7ced8d1dc988,"b!yLRdWEOAdkaWXskuRfByIRiz1S9kb_xPveFbearu6y9k1_PqePezTIDObGJTYq50",spaarke-knowledge-index-v2,dry-run-fill,"Would PATCH sprk_searchindexname"
75cfbebe-261e-f111-88b3-7ced8d1dc988,"b!yLRdWEOAdkaWXskuRfByIRiz1S9kb_xPveFbearu6y9k1_PqePezTIDObGJTYq50",spaarke-knowledge-index-v2,dry-run-fill,"Would PATCH sprk_searchindexname"
78cfbebe-261e-f111-88b3-7ced8d1dc988,"b!yLRdWEOAdkaWXskuRfByIRiz1S9kb_xPveFbearu6y9k1_PqePezTIDObGJTYq50",spaarke-knowledge-index-v2,dry-run-fill,"Would PATCH sprk_searchindexname"
120c07a5-2a1e-f111-88b3-7ced8d1dc988,"b!yLRdWEOAdkaWXskuRfByIRiz1S9kb_xPveFbearu6y9k1_PqePezTIDObGJTYq50",spaarke-knowledge-index-v2,dry-run-fill,"Would PATCH sprk_searchindexname"
2c0c07a5-2a1e-f111-88b3-7ced8d1dc988,"b!yLRdWEOAdkaWXskuRfByIRiz1S9kb_xPveFbearu6y9k1_PqePezTIDObGJTYq50",spaarke-knowledge-index-v2,dry-run-fill,"Would PATCH sprk_searchindexname"
2f0c07a5-2a1e-f111-88b3-7ced8d1dc988,"b!yLRdWEOAdkaWXskuRfByIRiz1S9kb_xPveFbearu6y9k1_PqePezTIDObGJTYq50",spaarke-knowledge-index-v2,dry-run-fill,"Would PATCH sprk_searchindexname"
4c34a21a-821e-f111-88b3-7ced8d1dc988,"b!yLRdWEOAdkaWXskuRfByIRiz1S9kb_xPveFbearu6y9k1_PqePezTIDObGJTYq50",spaarke-knowledge-index-v2,dry-run-fill,"Would PATCH sprk_searchindexname"
df080692-821e-f111-88b3-7ced8d1dc988,"b!yLRdWEOAdkaWXskuRfByIRiz1S9kb_xPveFbearu6y9k1_PqePezTIDObGJTYq50",spaarke-knowledge-index-v2,dry-run-fill,"Would PATCH sprk_searchindexname"
082ee985-851e-f111-88b3-7ced8d1dc988,"b!yLRdWEOAdkaWXskuRfByIRiz1S9kb_xPveFbearu6y9k1_PqePezTIDObGJTYq50",spaarke-knowledge-index-v2,dry-run-fill,"Would PATCH sprk_searchindexname"
7d992cc9-851e-f111-88b3-7ced8d1dc988,"b!yLRdWEOAdkaWXskuRfByIRiz1S9kb_xPveFbearu6y9k1_PqePezTIDObGJTYq50",spaarke-knowledge-index-v2,dry-run-fill,"Would PATCH sprk_searchindexname"
2eca3ac9-891e-f111-88b3-7ced8d1dc988,"b!yLRdWEOAdkaWXskuRfByIRiz1S9kb_xPveFbearu6y9k1_PqePezTIDObGJTYq50",spaarke-knowledge-index-v2,dry-run-fill,"Would PATCH sprk_searchindexname"
7f73bcbe-dd1e-f111-88b3-7ced8d1dc988,"b!yLRdWEOAdkaWXskuRfByIRiz1S9kb_xPveFbearu6y9k1_PqePezTIDObGJTYq50",spaarke-knowledge-index-v2,dry-run-fill,"Would PATCH sprk_searchindexname"
0844708b-de1e-f111-88b3-7ced8d1dc988,"b!yLRdWEOAdkaWXskuRfByIRiz1S9kb_xPveFbearu6y9k1_PqePezTIDObGJTYq50",spaarke-knowledge-index-v2,dry-run-fill,"Would PATCH sprk_searchindexname"
b1b70516-df1e-f111-88b3-7ced8d1dc988,"b!yLRdWEOAdkaWXskuRfByIRiz1S9kb_xPveFbearu6y9k1_PqePezTIDObGJTYq50",spaarke-knowledge-index-v2,dry-run-fill,"Would PATCH sprk_searchindexname"
e588e4d3-df1e-f111-88b3-7ced8d1dc988,"b!yLRdWEOAdkaWXskuRfByIRiz1S9kb_xPveFbearu6y9k1_PqePezTIDObGJTYq50",spaarke-knowledge-index-v2,dry-run-fill,"Would PATCH sprk_searchindexname"
4f3d2d12-e11e-f111-88b3-7ced8d1dc988,"b!yLRdWEOAdkaWXskuRfByIRiz1S9kb_xPveFbearu6y9k1_PqePezTIDObGJTYq50",spaarke-knowledge-index-v2,dry-run-fill,"Would PATCH sprk_searchindexname"
122eeb74-f353-f111-a825-7ced8d1dc988,"b!yLRdWEOAdkaWXskuRfByIRiz1S9kb_xPveFbearu6y9k1_PqePezTIDObGJTYq50",spaarke-knowledge-index-v2,dry-run-fill,"Would PATCH sprk_searchindexname"
